INSERT INTO movie_friend_schema.role (role_id, name) VALUES (1, 'ROLE_USER');
INSERT INTO movie_friend_schema.role (role_id, name) VALUES (2, 'ROLE_ADMIN');
commit;
INSERT INTO movie_friend_schema.user_info (info_id, about, genres, movies) VALUES (19, null, null, null);
INSERT INTO movie_friend_schema.user_info (info_id, about, genres, movies) VALUES (20, 'Меня зовут Эмбер и я люблю мультики, особенно которые заставляют задуматься. Давайте ходить в кино вместе', 'Мультики', 'Остров собак, Вверх, Головоломка');
INSERT INTO movie_friend_schema.user_info (info_id, about, genres, movies) VALUES (21, 'Люблю путешествия и фотографии, у меня много подписчиков в Insagram. Люблю новые места и новые ощущения.', 'Не привязываюсь к жанрам, главное - чтобы фильм был хорошим :)', 'Побег из Шоушенка, Дедпул, Гарри Поттер и философский камень, Бёрдман');
INSERT INTO movie_friend_schema.user_info (info_id, about, genres, movies) VALUES (22, 'Да просто Борька', 'Люблю глупые комедии. Надо же как-то расслабляться! ', 'Горько, Полицейский с Рублевки');
INSERT INTO movie_friend_schema.user_info (info_id, about, genres, movies) VALUES (23, 'студэнт хімфаку', 'Я люблю фэнтазі', 'Хобіт, Гары Потар');
commit;
INSERT INTO movie_friend_schema.user (user_id, password, username, email, info_id, balance) VALUES (15, '$2a$10$mrrDO7WigVmF61AMghDX5OfY2D4km6TO/LOwDmLC1EqnGvW6AWqfW', 'admin', 'admin@gmail.com', 19, 0.00);
INSERT INTO movie_friend_schema.user (user_id, password, username, email, info_id, balance) VALUES (16, '$2a$10$PNMYbvOMq/TWxRi0sgYJUOMWF/8CaQgXqhmlticKYNTTgziud5VZW', 'amber', 'amber@gmail.com', 20, 49.00);
INSERT INTO movie_friend_schema.user (user_id, password, username, email, info_id, balance) VALUES (17, '$2a$10$iIJjXwAS52QwZ.k6QrgJmeHMvWjXYIPz75yaban0V4LmaGccuer3m', 'alina', 'alina@gmail.com', 21, 48.00);
INSERT INTO movie_friend_schema.user (user_id, password, username, email, info_id, balance) VALUES (18, '$2a$10$QkoclKXpmWJIZ7ZpJjzire1ELcdas5srdJae.Z3zBeqcqhoV3NQQm', 'Борька', 'borka@gmail.com', 22, 34.00);
INSERT INTO movie_friend_schema.user (user_id, password, username, email, info_id, balance) VALUES (19, '$2a$10$Aio/bBFUfMJUjbc6Ef4eiu1oUv2lVhtICKJeX.cWps0AOXwcWlkEO', 'Яўген', 'yaugen@tut.by', 23, 580.50);
commit;
INSERT INTO movie_friend_schema.user_role (user_id, role_id) VALUES (16, 1);
INSERT INTO movie_friend_schema.user_role (user_id, role_id) VALUES (17, 1);
INSERT INTO movie_friend_schema.user_role (user_id, role_id) VALUES (18, 1);
INSERT INTO movie_friend_schema.user_role (user_id, role_id) VALUES (19, 1);
INSERT INTO movie_friend_schema.user_role (user_id, role_id) VALUES (15, 2);
commit;
INSERT INTO movie_friend_schema.user_black_list (user_id, blocked_user_id) VALUES (19, 18);
INSERT INTO movie_friend_schema.user_black_list (user_id, blocked_user_id) VALUES (18, 19);
commit;
INSERT INTO movie_friend_schema.user_friends (user_id, friend_id) VALUES (17, 16);
INSERT INTO movie_friend_schema.user_friends (user_id, friend_id) VALUES (17, 18);
INSERT INTO movie_friend_schema.user_friends (user_id, friend_id) VALUES (17, 19);
INSERT INTO movie_friend_schema.user_friends (user_id, friend_id) VALUES (18, 17);
INSERT INTO movie_friend_schema.user_friends (user_id, friend_id) VALUES (18, 16);
INSERT INTO movie_friend_schema.user_friends (user_id, friend_id) VALUES (19, 17);
INSERT INTO movie_friend_schema.user_friends (user_id, friend_id) VALUES (19, 16);
INSERT INTO movie_friend_schema.user_friends (user_id, friend_id) VALUES (16, 17);
INSERT INTO movie_friend_schema.user_friends (user_id, friend_id) VALUES (16, 18);
INSERT INTO movie_friend_schema.user_friends (user_id, friend_id) VALUES (16, 19);
commit;
INSERT INTO movie_friend_schema.hall (hall_id, capacity, name, description) VALUES (2, 25, 'Red hall', 'Уютный зал на первом этаже в красных тонах подойдет любителям классики. Мягкие кресла с подлокотниками и встроенными подстаканниками придутся по душе любителям попивать прохладительные напитки во время просмотра, а расстояние между рядами приятно порадуют людей с длинными ногами');
INSERT INTO movie_friend_schema.hall (hall_id, capacity, name, description) VALUES (3, 12, 'Vip hall', 'Зал на нулевом этаже прекрасно подойдет для тех, кто не любит шумные компании и любит проводить время с комфортом. В автоматически раскладывающиеся диванчики встроены планшеты, чтобы вы могли не отвлекаясь от просмотра заказать напиток или закуски. Наш услужливый персонал выполнит ваш заказ максимально быстро и незаметно.');
INSERT INTO movie_friend_schema.hall (hall_id, capacity, name, description) VALUES (5, 30, 'Silver Hall', 'Зал на 2 этаже в серебряных тонах на 30 мест. Посетителей ждут  удобные широкие кресла с подстаканниками и выдвигающимися подносами. ');
commit;
INSERT INTO movie_friend_schema.genre (genre_id, name) VALUES (9, 'Драма');
INSERT INTO movie_friend_schema.genre (genre_id, name) VALUES (10, 'Приключения');
INSERT INTO movie_friend_schema.genre (genre_id, name) VALUES (11, 'Комедия');
INSERT INTO movie_friend_schema.genre (genre_id, name) VALUES (12, 'Криминал');
INSERT INTO movie_friend_schema.genre (genre_id, name) VALUES (13, 'Исторический');
INSERT INTO movie_friend_schema.genre (genre_id, name) VALUES (14, 'Мультфильмы');
INSERT INTO movie_friend_schema.genre (genre_id, name) VALUES (15, 'Боевик');
INSERT INTO movie_friend_schema.genre (genre_id, name) VALUES (16, 'Фантастика');
INSERT INTO movie_friend_schema.genre (genre_id, name) VALUES (17, 'Военный');
INSERT INTO movie_friend_schema.genre (genre_id, name) VALUES (18, 'Триллер');
INSERT INTO movie_friend_schema.genre (genre_id, name) VALUES (19, 'Спортивный');
INSERT INTO movie_friend_schema.genre (genre_id, name) VALUES (21, 'Мелодрама');
INSERT INTO movie_friend_schema.genre (genre_id, name) VALUES (22, 'Ужасы');
INSERT INTO movie_friend_schema.genre (genre_id, name) VALUES (23, 'Детектив');
INSERT INTO movie_friend_schema.genre (genre_id, name) VALUES (24, 'Артхаус');
commit;
INSERT INTO movie_friend_schema.movie (movie_id, description, time_length, title, issue_year) VALUES (402, 'Экранизация приключенческого романа Джека Лондона о добром псе Баке, попавшем из солнечной Калифорнии в промерзлую Аляску. Согласно сюжету "Зова предков" изо дня в день бывший домашний любимец ведет борьбу за выживание на севере. Бак становится лидером в упряжке почтовой службы и попадает в водоворот удивительных приключений. События, показанные в данной картине, разворачиваются во времена золотой лихорадки в 1880-х. Главный герой и не мог себе представить, что однажды его жизнь перевернется с ног на голову. Теперь в холодной Аляске он находит свое место в мире и становится хозяином своей жизни. ', 100, 'Зов предков', 2020);
INSERT INTO movie_friend_schema.movie (movie_id, description, time_length, title, issue_year) VALUES (403, 'Паша, сербский сердцеед и весельчак, - хозяин пятизвездочного отеля в Белграде. Он живет, не зная бед, пока однажды совершенно случайно не портит новое - многомиллионное! - приобретение коллекционера-мафиози. В уплату долга криминальный босс заставляет Пашу жениться на своей дочке. Девушка начинает рьяно готовиться к свадьбе с красавчиком отельером, когда Паша после четырехлетней разлуки неожиданно сталкивается с Дашей, своей русской любовью. В романтичной атмосфере древнего города чувства между ними готовы вспыхнуть вновь...если бы не будущий тесть, настоящий муж, слепой дед и друг-банкрот!.. ', 87, 'Отель «Белград»', 2020);
INSERT INTO movie_friend_schema.movie (movie_id, description, time_length, title, issue_year) VALUES (404, 'Сюжет данной биографической кинокартины закручен вокруг паренька по имени Фрэнк Ширэне. Он долгие месяцы служил родине и служба подола к концу. Мужчина вернулся на родину и начал жизнь с чистого листа. Фрэнк старался всегда следовать закону и не нарушать его. Парень был дружелюбным, и у него не было врагов, ведь он пытался избегать конфликтов. Протагонист уважал установленные государством правила и чтил их, стараясь поступать правильно. Ширэне любил родных и близких, стараясь им помогать и поддерживать, одаряя вниманием и заботой. Он был хорошим примером отличного гражданина страны. Однако его спокойная жизнь была закончена, когда он повстречал жестоких бандитов на своем жизненном пути. Они нарушали законы, то и дело, совершая различные преступления. Главный герой был уверен, что полицейские быстро арестуют негодяев и отправят в тюремное заключение, однако этого не произошло бандитов даже не искали. Преступники спокойно продолжали творить свои бесчинства, не обращая внимания даже на моральные человеческие нормы. Мужчина не мог сидеть сложа руки, он начал готовиться к войне, желая остановить зазнавшихся бандитов, внушающих страх местному населению. ', 209, 'Ирландец', 2019);
INSERT INTO movie_friend_schema.movie (movie_id, description, time_length, title, issue_year) VALUES (405, '20 тысяч лет назад, когда мир был совершенно другим, существовали разные племена, выживающие за счёт охоты на животных. В одном из таких племён растёт юноша по имени Кеда. Отец учит его, как правильно охотиться и выживать в суровом и опасном мире. Парень, казалось бы, подготовлен ко всем возможным испытаниям и тяготам, но вскоре ему предстоит пережить самое суровое приключение в своей жизни. Во время охоты на бизонов одно из животных сталкивает Кеду с высокой скалы. Безутешный отец мальчика и другие члены племени даже не сомневаются, что парень погиб. Они даже не идут проверять его тело, а проводят церемонию и уходят. Каким-то чудом Кеда, упав с огромной высоты, сумел выжить. Он получил несколько серьёзных травм, но не сдался, а решил бороться за свою жизнь. Вскоре он помогает тяжело раненному волку, даёт ему кров и приносит пищу. Неожиданно извечные враги становятся лучшими друзьями. Теперь юноша из племени и дикий волк путешествуют вместе. Кеда пытается разыскать своё племя, но сделать это на бескрайних просторах заснеженной пустоши будет очень непросто. На каждом шагу его подстерегают опасности и враги, желающие убить двух необычных друзей. Сможет ли юный герой вспомнить всё, чему его учил отец, и пройти уготованные ему испытания? ', 96, 'Альфа', 2018);
INSERT INTO movie_friend_schema.movie (movie_id, description, time_length, title, issue_year) VALUES (406, 'Ральф – забавный игровой персонаж, который находится в восьмибитной компьютерной игре. Шесть лет назад с ним произошли удивительные события, которые полностью изменили его жизнь. С тех пор у героя всё хорошо, ведь у него появились верные друзья и какая-то цель. Но неожиданно ломается контроллер игры «Sugar Rush», и Ральф вместе со своей подругой Ванилой фон Кекс берётся достать нужную деталь и спасти игру. Поиски приводят их в незнакомую комнату под названием Wi-Fi, и вскоре они попадают в удивительное и бесконечно большое место интернет. Здесь можно найти всё что угодно, а возможности каждого персонажа практически безграничны. Для Ральфа и Ванилы это место подготовило немало удивительных сюрпризов. Они и представить себе не могли, что мир может быть таким огромным и интересным. Герои отправляются на поиски нужной им детали, а параллельно попадают в массу забавных и непредсказуемых ситуаций. Они заводят новые знакомства, а Ваниола и вовсе решает остаться в новой сетевой игре, которая ей очень понравилась. Не желая прощаться со своей лучшей подругой, Ральф запускает в новую игру вирус, но всё выходит из-под контроля, и вирус начинает заражать весь интернет. Здоровяку предстоит сильно постараться, чтобы исправить собственную ошибку, спасти интернет и не потерять лучшую подругу. ', 112, 'Ральф против интернета', 2018);
INSERT INTO movie_friend_schema.movie (movie_id, description, time_length, title, issue_year) VALUES (407, 'Югославия. 1999 год. Российская спецгруппа получает приказ взять под контроль аэродром Слатина в Косово и удерживать его до прихода подкрепления. Но этот стратегический объект крайне важен албанскому полевому командиру и натовским генералам. Группа вынуждена принять неравный бой с террористами. К аэродрому устремляются российские миротворцы и силы НАТО. Мир вновь близок к большой войне. Но командиру спецгруппы Андрею Шаталову не до политики: в аэропорту среди заложников его любимая девушка Ясна... ', 151, 'Балканский рубеж', 2019);
INSERT INTO movie_friend_schema.movie (movie_id, description, time_length, title, issue_year) VALUES (408, 'В каждом из нас живет супергерой, нужна лишь толика магии, чтобы он проявил себя. Билли Бэтсон должен прокричать всего лишь одно слово - ШАЗАМ! - чтобы из сообразительного четырнадцатилетнего мальчишки превратиться во вполне себе взрослого супергероя Шазама, а все благодаря древнему волшебнику. В душе он остается ребенком, пусть и во взрослом могучем теле, поэтому поступает так, как поступил бы любой подросток, получивший сверхспособности, - оттягивается на полную катушку в этой подросшей версии себя самого! А умеет ли он летать? А есть ли у него рентгеновское зрение? Может ли он стрелять молниями из рук? А может ли пропустить контрольную по обществознанию? Шазам проверяет границы своих возможностей с бесшабашностью расшалившегося ребенка.  Но ему придется быстро обрести контроль над своими способностями, чтобы сразиться со смертоносными силами зла доктора Таддеуса Сиваны. ', 132, 'Шазам!', 2019);
INSERT INTO movie_friend_schema.movie (movie_id, description, time_length, title, issue_year) VALUES (409, 'Сюжет биографического фильма «Король» расскажет историю правления английского короля Генриха V. Он занимает престол еще в совсем юном возрасте, когда государство находится в затяжной войне. Не имея должного опыта, он должен принимать важные решения, опираясь на своих помощников, многие из которых ведут коварную игру и плетут интриги. Однако юный король понимает, что вынужден опираться на советы людей, в чьей верности он сомневается. Осознавая всю возложенную ответственность, Генрих начинает окружать себя преданными сторонниками и принимает волевые решения. ', 140, 'Король', 2019);
INSERT INTO movie_friend_schema.movie (movie_id, description, time_length, title, issue_year) VALUES (410, 'Действие разворачивается во время Второй мировой войны, когда Америка вела кровопролитные бои с Японской империей за господство в Тихом океане. После вероломной атаки на морскую базу Перл-Харбор правительство США объявляет мобилизацию и начинает готовить ответный удар, а военные ведут активную разведывательную деятельность, желая выяснить сосредоточение основных сил врага. Генеральное сражение двух держав происходит в июне 1942 года у атолла Мидуэй, с привлечением нескольких авианосцев и сотен самолетов, которое становится переломным в войне за тихоокеанский регион... ', 138, 'Мидуэй', 2019);
INSERT INTO movie_friend_schema.movie (movie_id, description, time_length, title, issue_year) VALUES (411, 'Увлекательный фэнтезийный фильм основан на скандинавских мифах. События ленты «Вальхалла: Рагнарёк» отправляют нас в далекое прошлое, когда на северных землях обитали отважные викинги. Это был воинственный народ, где мальчишки уже с малых лет умели правильно держать в руках оружие, умело с ним обращаясь. В последнем факте мы сумеем убедиться уже в самом начале повествования, когда познакомимся с главными героями – подростками Рёсковой и Тьялфом. Они – дети самых смелых воинов своего племени, выжившие в ходе варварского набега на деревню. В ближайшее время друзьям предстоит покинуть Мидгард – мир смертных. Их ждёт головокружительное путешествие в Асгард – мир Богов. Разумеется, двое простых подростков не сумеют проделать путь самостоятельно, но им и не придётся – у ребят появятся могущественные сопровождающие: Тор и Локи. Сыновья бога Одина преследуют собственные цели, но они пересекаются с желанием осиротевших мальчишек отомстить за гибель всех родных. Так получилось, что у них общие враги – злобный мифический волк Фенрир и последователи темных богов, великаны Ётуны. Злодеи собираются разрушить Асгард, что повлечёт за собой и уничтожение Мидгарда. Поэтому единственный шанс остановить приближающийся конец света – дать бой могущественным врагам… ', 105, 'Вальгалла: Рагнарёк', 2020);
INSERT INTO movie_friend_schema.movie (movie_id, description, time_length, title, issue_year) VALUES (412, 'Жизнь юного Теодора Деккера разделилась на «до» и «после» теракта в музее, где погибла его мама. В панике Тео вынес из-под развалин бесценную картину «Щегол», которой суждено изменить его судьбу. Энсел Эльгорт («Виноваты звёзды», «Малыш на драйве»), Финн Вулфард («Оно», «Очень странные дела»), обладательница премии «Оскар» Николь Кидман и лауреат «Золотого глобуса» Джеффри Райт в долгожданной экранизации романа-бестселлера Донны Тартт «Щегол», получившего Пулитцеровскую премию. Простой поход в музей обернулся роковым переломом в жизни школьника-подростка Тео, ставшего в тот день свидетелем теракта. Сам Тео не пострадал, но потерял маму, и воспоминания об этой трагедии не отпустят его даже много лет спустя. Одновременно произошло и другое судьбоносное событие – в руки мальчика почти случайно попала уникальная картина XVII века. Это признанный шедевр голландской живописи «Щегол», одна из немногочисленных работ Карела Фабрициуса. Во время всеобщей суматохи Тео вынес ее из атакованного музея и втайне оставил у себя. Удивительная картина сыграет ключевую роль в его дальнейшей истории, полной новых испытаний, потерь и ошибок, но также надежд и возможностей найти, наконец, светлый путь. ', 149, 'Щегол', 2019);
INSERT INTO movie_friend_schema.movie (movie_id, description, time_length, title, issue_year) VALUES (413, 'Этот огромный мрачный особняк все обходят стороной, с жителями этого места предпочитают не общаться. Аддамсы – далеко не самая обычная семья. Они носят исключительно темные одежды, предпочитают плохую погоду, почитают как богов серийных убийц и нередко всей семьей отдыхают на кладбище, считая это место самым подходящим. Мартиша Аддамс обожает срезать бутоны роз, оставлять только стебли с острыми шипами, и разводить хищные растения. Ее супруг Гомез увлекается железными дорогами, точнее организацией страшнейших аварий с взрывами. Их двое детей всерьез заинтересованы в пытках, они всегда готовы попробовать кое-что друг на друге. Но, несмотря на все эти кошмарные странности, семейка Аддамс – самая дружная семья на свете. Они стремятся проводить как можно больше времени вместе, и всегда готовы оказать поддержку. Мартиша и Гомез трепетно и страстно любят друг друга уже долгие годы, и вряд ли это чувство когда-нибудь ослабнет. А есть ещё бабуля, которая перед сном предпочитает не зеленый чай, а несколько капель мощного яда, который помогает ей успокоиться. ', 87, 'Семейка Аддамс', 2019);
INSERT INTO movie_friend_schema.movie (movie_id, description, time_length, title, issue_year) VALUES (414, 'Сюжетная линия биографического спортивного фильма переносит нас в середину 60-х годов прошлого столетия, позволяя изнутри взглянуть на мир легендарных «гонок на выносливость», которые традиционно проходят каждый год в окрестностях французского города Ле-Ман. Последние шесть лет победителями соревнования неизменно становятся пилоты, управляющие автомобилями Ferrari. Устав от череды поражений, руководство Ford Motor Company обращается к бывшему гонщику Кэрроллу Шелби, специализирующемуся ныне на всевозможных модификациях гоночных автомобилей. Ему предлагают амбициозную цель – за 90 дней сконструировать автомобиль для компании, на котором гонщик от Ford примет участие в следующем заезде гонки «24 часа Ле-Мана». Всегда обожавший бросать самому себя вызовы, Шелби принимает предложение, но ставит одно условие – он сам выберет гонщика, который будет управлять его детищем. Кэрролл убежден, что справиться с такой задачей сможет далеко не каждый пилот. Его кандидатура – опальный гонщик Кен Майлз, которому на тот момент было уже почти 50 лет. Из-за возраста руководство Ford изначально не желает соглашаться на это условие, но в конечном итоге Шебли удаётся убедить своих новых партнёров… ', 152, 'Ford против Ferrari', 2019);
INSERT INTO movie_friend_schema.movie (movie_id, description, time_length, title, issue_year) VALUES (415, 'Близится новый год, и сотрудники отдела полиции Барвихи планируют праздновать его за городом в тёплой компании старых друзей и коллег. Но непредвиденные обстоятельства в лице преступников, ограбивших крупное ювелирное предприятие, ставят праздник под угрозу. Смогут ли рублёвские полицейские вернуть украденные драгоценные камни стоимостью миллионы долларов и спасти свой праздник до того, как часы пробьют полночь? ', 102, 'Полицейский с Рублевки. Новогодний беспредел 2', 2019);
INSERT INTO movie_friend_schema.movie (movie_id, description, time_length, title, issue_year) VALUES (416, 'Главная героиня – молодая девушка, которую зовут Кейт. Она работает продавщицей в специализированном магазине праздничных товаров. У нее есть особое пристрастие к алкогольным напиткам. Причем продолжается это уже довольно долго. Вот только главная героиня даже не думает как-то изменить свою жизнь в лучшую сторону. Она попросту не верит в то, что у нее это может получиться. Тем не менее, в один из дней она встречает молодого привлекательного мужчину по имени Том. Почему-то Кейт видит в нем принца, которого она не достойна. Но Том сделает все возможное, чтобы вселить в нее уверенность и сделать счастливой. ', 103, 'Рождество на двоих', 2019);
INSERT INTO movie_friend_schema.movie (movie_id, description, time_length, title, issue_year) VALUES (417, 'Суперкиллер выпал из жизни тайного альянса ассасинов, нарушив кодекс, попытка войти снова в окружение закончилась по предполагаемому сценарию, группировка отвергла его. Теперь гильдия намерена убрать неугодного типа, назначена цена - четырнадцать миллионов долларов, картина «Джон Уик 3» покажет, сможет ли полк профессиональный убийц отыскать и уничтожить бунтаря. Открыта кровавая охота, однако изощренные методы поимки и упразднения не дают результата, слишком опытен и хитер смутьян. Негативных моментов в судьбе изгоя стало много, парень поставил перед собой задачу не стать добычей проворных псов исполняющих прихоть босса. Беглецу удается черпать информацию о преследователях, значит паренек в курсе, где ждет неприятность. Красиво уходя от погони, зачинщик раздражает неприятеля, этим продуцирует врагов на радикальные действия. Резкие движения оппонентов настораживают бунтовщика проблема становиться острой, но сил и умений у хваткого малого достаточно, чтобы не попасть под прицел ненавистников. Враги намерены перемолотить здоровяка в фарш, но он не дается в руки, мужчина оказался выше и сильней. В финале стайка нечестивцев не получила желанного результата, хладнокровно прикончить отщепенца не вышло, успокоятся ли хищники или продолжат травлю.  •   • 3 часть ', 96, 'Джон Уик 3', 2019);
INSERT INTO movie_friend_schema.movie (movie_id, description, time_length, title, issue_year) VALUES (418, 'Кэрол пилотировала самолеты ВВС и не боялась опасностей. Раненую девушку после ужасающей галактической схватки подобрали представители расы крии. Местные мудрецы решили наделить практически бездыханную землянку особенной силой. Летная сила и проецирование энергии позволили девушке «Капитан Марвел» стать новым супергероем огромной Вселенной. Более длинная жизнь, отвага и полученные сверхъестественные способности сделали носительницу двух ДНК действительно могущественным персонажем. Коварные Скруллы тем временем путешествуют по планетам и становятся большой опасностью для земного населения. Хитрые пришельцы ловко маскируются под обычные предметы и трансформируются в разумных существ. Подражатели скрывают истинную хищную натуру, пока не чувствуют полной власти над ситуацией. Стоит только землянам притупить бдительность, как инопланетные оборотни совершат дерзкую атаку. Давние противники галактических разрушителей собираются вступить с ними в схватку, а полигоном для сражения выбрана Земля. Отважная героиня встречается с покровителем земных защитников. Ник Фьюри поможет гостье вспомнить собственное прошлое и послужить интересам родной планеты. Боевая мощь летающей фурии становится главной опорой человеческой расы. ', 104, 'Капитан Марвел', 2019);
INSERT INTO movie_friend_schema.movie (movie_id, description, time_length, title, issue_year) VALUES (419, 'Разрушительная сила Таноса испепеляет земные ресурсы. Изначальная цель хитрого монстра практически достигнута, ведь половина человечества повергнута, а выжившие беспомощно дожидаются смертного рокового часа. Наступает момент, когда единственный решающий бой может остановить чудовище или окончательно уничтожить шансы планеты на выживание. Бравой команде «Мстители 4: Финал» придется собраться для ключевой схватки. Морально опустошенные и подавленные супергерои едва находят терпение, чтобы встретить следующий день. Падших друзей не вернуть для борьбы с коварным злодеем, но их гибель не должна стать бесполезной жертвой. Дрейфующий по Вселенной Железный человек не зря оставляет предсмертное послание и сообщает, что не жалеет о пережитых приключениях. Гордо встречая смерть, бывший лидер назидательно советует союзникам продолжать сражение. Капитан Америка, Тор, Черная Вдова и другие выжившие соратники готовятся вступить в финальную часть войны, но им нужно подкрепление. Внезапно на пороге подпольного штаба появляется Человек-Муравей вместе с неудержимой напарницей. Первые новички отряда собираются рискнуть всем, что имеют, ради совместного сопротивления смертоносному разрушителю. Удастся ли смельчакам одержать победу в эпическом бою?  •   •   • 4 часть ', 110, 'Мстители 4: Финал', 2019);
INSERT INTO movie_friend_schema.movie (movie_id, description, time_length, title, issue_year) VALUES (420, 'Едва успев стать медсестрой в больнице своего родного города, Куинн успела столкнуться с понятием нежеланных отношений – главный врач Салливан оказывает ей недвусмысленные знаки внимания. Не менее сложной является и личная жизнь героини. Несколько лет назад погибла её мать, из-за чего она совершенно не обращает внимания на свою младшую сестру Джордан, избегая таким образом возможной эмоциональной связи. Когда приложение «Обратный отсчёт» бьёт все местные рейтинги по популярности, Куинн поддаётся общему интересу и устанавливает его на свой смартфон, позволяя превратить дисплей в место, где будет показано время до смерти пользователя. И пока её друзья и коллеги радуются своим результатам, девушка обнаруживает, что приложение «видит» её смерть через 2 дня. Считая, что это всего лишь случайное время, Куинн постепенно убеждается, что за цифрами стоит реальная сила… ', 135, 'Обратный отсчет', 2019);
INSERT INTO movie_friend_schema.movie (movie_id, description, time_length, title, issue_year) VALUES (421, 'Петербург конца XIX века охвачен массовым увлечением оккультными науками и эзотерикой. Британка-медиум Оливия Рид приезжает в столицу Российской империи с гастролями и собирает на своих публичных спиритических сеансах толпы людей. В это время в городе происходит серия ритуальных загадочных убийств. На улицах похищают девушек, их изувеченные тела находят в самых разных концах города. Расследованием занимаются молодой полицейский офицер Ростов и его помощник Ганин. С каждой новой жертвой дело становится все запутаннее. Подозрение приводит Ростова к Оливии, и он решает обратиться к ней в надежде, что ее подлинная или мнимая способность вызывать духов погибших может помочь выйти на след убийцы. ', 99, 'Девятая', 2019);
INSERT INTO movie_friend_schema.movie (movie_id, description, time_length, title, issue_year) VALUES (422, '«Черный паук», «Черная пантера» и даже «Черный осьминог» - такими прозвищами награждали Льва Яшина за гибкость, молниеносное перемещение и гениальное видение поля. Он, неизменно в черном свитере с буквой «Д», был полноправным хозяином в своей штрафной. После поражения на Чемпионате Мира в Чили ему придется уйти, чтобы позже с триумфом вернуться и снова стать лучшим не только в стране, но и во всем мире - единственным вратарём за всю историю футбола, получившим Золотой мяч. Лучшим, по мнению FIFA, вратарем ХХ века. ', 120, 'Лев Яшин', 2019);
INSERT INTO movie_friend_schema.movie (movie_id, description, time_length, title, issue_year) VALUES (423, 'Главным героем данного кинематографического произведения стал молодой почтальон, безудержно ищущий себе работу. Сюжетная линия, действия которой разворачивается в канун великого и любимого зимнего праздника — Нового года и Рождества. Судьба забрасывает его на Север, в глухую деревушку, расположившуюся в горах. Клауса встречают не радушным приемом. Северные жители отличаются своей угрюмостью и сразу дают понять, что не нуждаются в услугах почты, не признавая центрального персонажа. Однажды, он знакомится с одним из поселенцев, мастерящим игрушки. Он заводит дружеские отношения с новоиспечённым товарищем. Вместе они придумывают способ заставить писать письма: придумать Санта-Клауса, исполняющего желания... ', 90, 'Клаус', 2019);
INSERT INTO movie_friend_schema.movie (movie_id, description, time_length, title, issue_year) VALUES (424, 'Современная наука все никак не стоит на одном месте. Отныне ученым все время приходится ставить очередные опыты, при которых нужно было проконтролировать весь ход событий. В один прекрасный день все идет не так, как ранее задумывалось. Опыты полностью выходят из-под контроля и городам Соединенных Штатов теперь грозит большая опасность. По дворам и переулкам бродят зомби, жаждущие крови, мозгов и плоти людей. Постепенно зараженных жителей оказывается огромное число. Главным героем становится молодой человек по имени Колумбус. Мужчина жил обычным затворником. У него не было ни друзей, ни родственников. К тому же он не любитель больших тусовок, да и просто любит читать книжки. В школе его частенько пинали и считали полным неудачником. Но юноша все время старался игнорировать все это. Сведения о массовых нападениях зомби распространяется моментально и в результате доходит и до главного героя. Но новое событие его ничем не испугало, так как парень был уверен в том, что у него предостаточно знаний и даже возможностей. Так они хотели избежать очередного нападения чудовища. Но тут уверенность развеялась, после того, как один из монстров попадает в его дом и пытается его сожрать. ', 93, 'Добро пожаловать в Зомбилэнд 2', 2019);
INSERT INTO movie_friend_schema.movie (movie_id, description, time_length, title, issue_year) VALUES (425, 'История становления одного из самых известных, безумных и опасных суперзлодеев комиксов. В 1980-х годах в городе Готем появляется гениальный преступник и манипулятор в клоунском гриме, который называет себя Джокером. За этим псевдонимом скрывается некогда неприметный комик Артур Флек. Он возвращается домой к тяжело болеющей матери и узнает о тайных связях своей семьи с главной городской знаменитостью, миллиардером Томасом Уэйном. ', 122, 'Джокер', 2019);
INSERT INTO movie_friend_schema.movie (movie_id, description, time_length, title, issue_year) VALUES (426, 'Главный герой картины – Генри Броген (Уилл Смит) – наемный убийца, который мечтает наконец уйти на пенсию, и пожить спокойной жизнью. Но однажды он сталкивается с молодым человеком, который поразительно похож на него самого, только в молодости. Своего юного клона встречаешь не каждый день, поэтому Генри хочет разобраться в происходящем, чего бы это ему не стоило. Фантастический боевик «Гемини» основывается на истории Даррена Лемке («Шазам», «Шрек навсегда»). Идея фильма появилась еще в 1997 году, тогда же ее приобрела студия Walt Disney Pictures. Из-за несовершенства существующих в то время технологий проект не удалось сразу воплотить в жизнь. Зато появилась короткометражная лента, где взаимодействуют два героя – один и тот же человек в разном возрасте. С тех пор над сюжетом успели поработать семь различных сценаристов. В 2016 году права на экранизацию выкупила компания Skydance Media и началось производство фильма. Режиссерское кресло занял трехкратный обладатель премии «Оскар» Энг Ли («Жизнь Пи», «Горбатая гора»). ', 117, 'Гемини', 2019);
INSERT INTO movie_friend_schema.movie (movie_id, description, time_length, title, issue_year) VALUES (427, 'Современное общество отличается особенной изобретательностью, в особенности представители обеспеченной части населения ищут любые способы развлечься, и отвлечься от повседневной суеты. Привлекательный миллиардер в детстве мечтал помогать нуждающимся, но не деньгами, а добрыми поступками. Насмотревшись фильмов о супергероях, борющихся за справедливость, он решил однажды использовать свои миллиардные сбережения на исполнение мечты. Первый подстроил собственную гибель, близкие скорбели, пресса с повышенным интересом выдвигала версии смерти богача, и только он знал правду. Воспользовавшись давними связями, он начал собирать себе команду единомышленников, в которую могли войти исключительно друзья, на банковском счету которых хранились более чем семизначные суммы. Журналисты получили новый повод для написания своих статей, практически одновременно погибло еще пять человек, и началась охота за их состоянием. Даже приближенные к лже-погибшим мужчинам лица не знали их секрет, ведь они должны стать тайной группой спасителей, готовых навсегда искоренить коварных и жадных преступников с городских улиц. ', 127, 'Шестеро вне закона', 2019);
INSERT INTO movie_friend_schema.movie (movie_id, description, time_length, title, issue_year) VALUES (428, 'В недалеком будущем около 4% людей приобрели сверхспособности. Одаренные личности могли пользоваться необыкновенным даром, они выделялись среди остального населения планеты. Общество с настороженностью относилось к "особым" людям, они были настроены враждебно и опасались их нечеловеческих возможностей. Одаренные герои становились изгоями, они жили в нищете многим приходилось заниматься криминалом, чтобы просто выжить. Конор Рид подросток, у него нет возможности оплатить медицинское лечение матери, которая тяжело больна. Женщине нужна дорогостоящая операция. Чтобы заработать необходимые деньги, Рид присоединяется к преступникам, у него нет иного выхода и приходится нарушать правила. Парнишка попадает в руки главаря группировки Гарретта. С этого момента у главного героя жизнь кардинально меняется. Он в первый раз попадает полицейский участок, начинаются первые проблемы с законом. Кажется, что Конор уже не выпутается из ловушки, в которую попал. Главарь банды начинает использовать талант мальчишки в своих корыстных целях. Он не отпускает Рида, пока тот не выполнит последнее задание. ', 98, 'Код 8', 2019);
INSERT INTO movie_friend_schema.movie (movie_id, description, time_length, title, issue_year) VALUES (429, 'Главный герой - 27-летний Илья Горюнов, семь лет отсидевший в тюрьме по ложному обвинению в распространении наркотиков. Когда Илья выходит на свободу, он понимает, что прежняя жизнь, по которой он тосковал, разрушена, и вернуться к ней он больше не сможет. Хотя он не собирался мстить человеку, который отправил его в тюрьму, другого выхода теперь нет. Встретившись лицом к лицу со своим обидчиком, Илья совершает необдуманный поступок, после которого главный герой получает доступ к смартфону Петра, а с ним и к жизни молодого человека - его фотографиям и видео, перепискам с родителями и девушкой Ниной, к странным, полным недомолвок и угроз переговорам с коллегами. На время Илья становится для всех Петром - через текст на экране телефона. ', 132, 'Текст', 2019);
INSERT INTO movie_friend_schema.movie (movie_id, description, time_length, title, issue_year) VALUES (430, 'Молодая супружеская пара отправляется в гости к родственникам мужа. Согласно сюжету "Я иду искать" семья мужчины очень влиятельная, принадлежит к уважаемому клану, где свои правила и порядки. Все они чтят традиции. Кто бы мог подумать, во что обернется эта банальная встреча. Молодой девушке придется оказаться участницей очень жестокой игры, где на кону стоит большая награда в размере человеческой жизни. Сможет ли новенькая справиться с тем ужасом, который, неожиданно, свалился на ее плечи? Как бы там ни было, но бороться необходимо, несмотря ни на что. Ведь жизнь одна и она бесценна. ', 95, 'Я иду искать', 2019);
INSERT INTO movie_friend_schema.movie (movie_id, description, time_length, title, issue_year) VALUES (431, 'Уже почти три года идет Первая мировая война - самая жестокая и кровавая в истории человечества. Владимир Ленин долгое время находится в иммиграции и недавно переехал в Цюрих. Посвятивший всю свою жизнь подготовке революции, Ленин упустил её начало и теперь ищет любую возможность вернуться в Россию, чтобы взять ситуацию в свои руки. А вариантов немного и в конце концов остается самый невероятный - пересечь территорию воюющей с Россией Германии на поезде... ', 113, 'Ленин. Неизбежность', 2019);
INSERT INTO movie_friend_schema.movie (movie_id, description, time_length, title, issue_year) VALUES (432, 'Немногие знают, но середина прошлого столетия стала для Голливуда переломным моментом. В эти годы начало становление движение «хиппи», оказавшее влияние на многие аспекты жизни американцев. Люди по-настоящему восхищались идеями свободы и всеобщей любви. Ребята мечтали о всемирной любви и вечно искали нечто новое. В это время мы знакомимся с молодым и успешным актером Рики Далтоном, находившимся в безуспешных попытках поиска работы. Недавно парень играл в нашумевшем сериале, который позволил Рики стать настоящей звездой телеэкранов. Но после съемок никто не собирался звать его в другие фильмы. Та же самая судьба ждала и дублера актера, с которым мужчина сильно подружился. Оставшись не у дел, герои обращаются за помощью к своей беременной соседке Шэрон Тейт. Дело в том, что женщина была супругой одного очень известного режиссера по имени Роман Полански. Используя его возможности, Далтон и его друг надеялись на новые картины, однако совсем скоро все поменялось невероятнейшим образом. Однажды члены секты «Семья» убивают Шерон, что становится для мужа шоком. Общественность также шокирована столь дерзким преступлением. Никто не намерен оставлять убийц безнаказанными. ', 161, 'Однажды в… Голливуде', 2019);
INSERT INTO movie_friend_schema.movie (movie_id, description, time_length, title, issue_year) VALUES (433, 'Все начиналось с обычного дня, когда школьники приходили на учебу и затевали интересные беседы. Среди ребят оказался один малый, которому приходилось в жизни нелегко. Но все мечтают выделиться и поделится неким геройством среди остальных. Чтобы заполучить уважение одноклассников, парнишки принимают решение прогуливаться ночами по темным улицам. Им казалось, что в их действиях таким способом проявится крутостью и мужественность. Но не знали парни, что столкнуться с подземным существом, открывшим охоту на детей в одну из таких прогулок. Одного парня ОНО унесло с собой и показалось, что добычи монстру хватит надолго, так как за происшествием последовали дни тишины, никто не нарушал ночной городской покой. После все повторяется и герои решают действовать, понимая, что никто кроме них не способен спасти город от опасного чудища. Чтобы сражаться с противником, необходимо понимать. Что он за фрукт и чем его можно победить? Слежка позволит немного приблизиться к чудищу, а вот убью ли они его - это вопрос времени. ', 100, 'Оно 2', 2019);
INSERT INTO movie_friend_schema.movie (movie_id, description, time_length, title, issue_year) VALUES (434, 'Это история о трёх друзьях, решивших покататься на серфе в Мексике. Все как полагается: океан, девушки и золотой песок. История не предвещает неожиданностей. Но не для наших героев, которые первым делом как следует отметили свой приезд. С трудом проснувшись наутро, парни обнаруживают себя посреди пляжа, они в замешательстве - не помнят, что же произошло накануне. Но вскоре появляются люди, которые освежают им память: оказывается, прошлой ночью парни страшно навредили международному криминальному авторитету Хуану, который по какой-то причине хочет их убить. Скрываясь от преследования, без денег и документов, они находят спасение - переодеваются в девушек и участвуют в женском турнире по сёрфингу. Победа поможет выиграть сто тысяч долларов и выбраться из страны. Но они еще не знают, что их неидеальному плану помешают любовь, секретные спецслужбы, мафия и даже бойцовые петухи. ', 90, 'Девушки бывают разные', 2019);
INSERT INTO movie_friend_schema.movie (movie_id, description, time_length, title, issue_year) VALUES (435, 'Майк Бэннинг уже много лет служит агентом секретной службы. Он любит работу и является профессионалом в своём деле. Герой фильма «Падение ангела» не раз попадал в переделки, которые несли серьёзную угрозу для жизни. Его работа заключалась в том, чтобы защищать людей от террористов, обожающих нести хаос и разрушения. Часто ему угрожали те же террористы, но Майк не привык просто так сдаваться, так как охранял людей, занимающих высокие должности. Честный, отважный и ответственный Бэннинг смеялся опасностям в лицо, за что преступники его ненавидели и мечтали убрать со своего пути. Но в один прекрасный день президент, которого охранял Бэннинг, решил отправиться на пустынное озеро, чтобы порыбачить. В разгар рыбалки целая армия дронов начинает стрелять в президента. Майк подоспел вовремя, чтобы закрыть главу государства от пуль, летящих с неба. Однако он сам был серьёзно ранен. От большой потери крови герой теряет сознание, а приходит в себя уже на больничной койке. Он узнаёт, что его обвиняют в покушении на жизнь президента. Было найдено огромное количество улик, подтверждающих, что Майк виновен. Однако Майк уверен, что его подставили. Осталось лишь одно – найти доказательства. ', 114, 'Падение ангела', 2019);
INSERT INTO movie_friend_schema.movie (movie_id, description, time_length, title, issue_year) VALUES (436, 'Английский путешественник Джонатан Грин получает от Петра Первого заказ на изготовление карт Дальнего Востока России. Ему вновь предстоит долгий путь, полный невероятных приключений, который приведет его в Китай. Картограф столкнется с массой головокружительных открытий, неожиданных встреч с диковинными существами, китайскими принцессами, мастерами смертоносных боевых искусств и самим Лун-Ван, Царем всех драконов. Что может быть опаснее, чем посмотреть в глаза Вию? Разве что встретиться с ним вновь. Что на этот раз окажется сильнее - непоколебимый скептицизм ученого или древняя черная магия, уже давно захватившая власть в Восточных землях? ', 121, 'Тайна печати дракона', 2019);
INSERT INTO movie_friend_schema.movie (movie_id, description, time_length, title, issue_year) VALUES (437, '15 лет назад Андрей под руководством своего отца, полковника Родина, прошел обучение в секретной спецшколе, где из подростков готовили агентов Службы внешней разведки. Когда экспериментальный проект закрыли, Андрей «сжёг мосты», остался в Европе и старался не вспоминать о прошлом. Но однажды ему звонит отец, которого все считали погибшим. Тот сообщает, что на Андрея открыта охота, но кто решил его уничтожить - неизвестно. Спасаясь бегством, он находит Машу, с которой учился в спецшколе. Андрею предстоит пройти через любовь и предательство и узнать об истинных масштабах беспощадной шпионской игры, в которую он оказался втянут поневоле. ', 124, 'Герой', 2019);
INSERT INTO movie_friend_schema.movie (movie_id, description, time_length, title, issue_year) VALUES (438, 'Современные технологии позволили американским кинематографистам в своем новом кинофильме «Король Лев» умело совместить реалистичные документальные кадры с искусной анимацией и показать зрителям во всей красе удивительный мир африканской саванны. На экране будет представлена многообразная флора и фауна, жизнь диких животных с их повадками и вечной борьбой за существование.  Все эти бескрайние необозримые просторы были королевством могущественного и непобедимого Льва-отца, в семье которого появился на свет забавный детеныш - будущий наследник. Все жители радостно празднуют его день рождения. Но вскоре злые враги правителя устроили ему засаду, и он погиб в неравной схватке, а беспомощного львенка Симбу изгнали в безжизненную пустыню. Отважному малышу предстоит испытать лишения и трудности, страшные приключения и тяжелые испытания. Однако он повстречает на своем пути и хороших товарищей, узнает цену верности и дружбе. Удастся ли ему вернуться на родину и вернуть престол своего отца? ', 118, 'Король Лев', 2019);
INSERT INTO movie_friend_schema.movie (movie_id, description, time_length, title, issue_year) VALUES (439, 'Маленький мальчик по имени Брендон Брейер уже давно заметил, что он разительно отличается от своих сверстников. Парень живет вместе с родителями на небольшой ферме, ходит в школу и почти не имеет друзей. Будучи замкнутым, герой фильма так и не научился строить отношения со сверстниками. А однажды, когда подросток спросил у мамы, почему он не такой как все, бедняга услышал удивительную историю. Как оказалось, когда супруги Брейеры только поженились, они больше всего на свете мечтали о детях. К сожалению, им никак не удавалось это. Они не переставали молить о чуде и как-то раз их молитвы были услышаны. В ту ночь на землю, принадлежащую Брейерам, упал метеорит. Когда муж с женой прибежали на место падения, нашли там новорожденного малыша. Они никому не рассказали о своей находке, усыновив мальчика и относясь к нему, как к родному сыну. Однако в последнее время родители Брендона стали замечать, что странностей в поведении мальчугана становится все больше. Подросток практически всегда старался уединиться, а с недавних пор он повсюду рисовал один и тот же знак. После рассказа матери мальчик неожиданно осознал, что у него невероятные способности. Но вот только он не собирался применять их во благо людям. Добравшись до тайника в амбаре, где приемные родители спрятали найденные рядом с ним вещи, он решил дать волю своим темным наклонностям, превратившись в непобедимого монстра. ', 91, 'Гори, гори ясно', 2019);
INSERT INTO movie_friend_schema.movie (movie_id, description, time_length, title, issue_year) VALUES (440, 'Сюжет третей части супергеройской франшизы «Человек-паук: Вдали от дома» расскажет о летних каникулах Питера Паркера, на которых он отправился в тур по европе с компанией своих друзей. Ребята весело проводят время, исследуя памятники архитектуры и достопримечательности, совсем не ожидая встретить директора организации Щ.И.Т. Ника Фьюри, который просит у героя помощи в борьбе с новой угрозой, нависшей над континентом. Старый свет атаковали четыре разгневанные стихии - Элементали огня, воды, земли и воздуха. Но в одиночку с такими могущественными существами даже Паучку справиться не под силу, поэтому они вынуждены заключить союз с личным врагом Питера - суперзлодеем Мистерио. На время придется забыть старые обиды, ведь только он знает слабые места чудовищ, и только в команде есть шанс их уничтожить. Но выдержит ли шаткое перемирие, или давняя война вновь разрушит их отношения, поставив под угрозу планы Фьюри? ', 125, 'Человек-паук: Вдали от дома', 2019);
INSERT INTO movie_friend_schema.movie (movie_id, description, time_length, title, issue_year) VALUES (441, '1988 год, канун вывода советских войск из Афганистана. Командование 108-й мотострелковой дивизии планирует отход через перевал Саланг, подконтрольный группировке моджахедов Инженера Хошема. Разведка пытается договориться о перемирии с душманами, но дело осложняется тем, что в плен к Хошему попадает советский военный пилот. Начинается сложная игра, в которой переплетаются противоположные интересы множества самых разных людей: штабистов, исламистов, спецназа, разведки, чиновников из афганского правительства, сотрудников советских спецслужб, таджиков и пуштунов. А в самом центре этого водоворота оказываются солдаты разведроты, для которых важнее любых политических соображений остается правило - не бросать своих. ', 113, 'Братство', 2019);
INSERT INTO movie_friend_schema.movie (movie_id, description, time_length, title, issue_year) VALUES (442, 'Астронавт Базз, ковбой Вуди, пёс Слинки, тиранозавр Рекс и вся команда игрушек снова вместе, и они как никогда готовы к приключениям. С тех пор, как Энди поступил в колледж, игрушки поселились в доме своей новой хозяйки Бонни, которая вот-вот пойдет в детский сад. Первый день в детском саду положит начало череде событий, в которой найдется место и путешествиям с погонями, и знакомству с новыми игрушками, и встречам с некоторыми из старых друзей и даже романтической истории. ', 100, 'История игрушек 4', 2019);
INSERT INTO movie_friend_schema.movie (movie_id, description, time_length, title, issue_year) VALUES (443, 'Сюжет фильма "Аладдин" разворачивается в загадочном городе под названием Аграба. Там живёт главный герой, которого зовут Аладдин. Он местный воришка и просто пытается выжить в этом трудном мире. И вот ему удаётся познакомится с девушкой по имени Жасмин. Оказывается, что она дочка самого короля, от которого она решила сбежать. В итоге их поймали вместе и теперь главному герою грозит смертельная опасность. Но вдруг к нему обращается старик, который заявляет, что есть пещера с сокровищами и если он поможет ему их достать, то они смогут начать новую жизнь. Алладин соглашается на предложение, но он и представить, что ему удастся найти в той пещере. Он обнаружил странную и весьма потрепанную лампу, которая ничем сильно не выделялась. Он её протёр, чтобы прочитать надпись, и именно в этот момент из лампы появился Джин. Он сказал, что выполнит три любые желания, которые от него потребует его новый хозяин. Это же просто замечательно, ведь теперь он сможет загадать все, что ему захочется. В итоге он решил стать принцем, чтобы отправится во дворец и покорить сердце Жасмин. Но за лампой охотится страшный Джафар, который не остановится, пока не завладеет ею. Кому же в итоге достанется эта необычная вещь? ', 114, 'Аладдин', 2019);
INSERT INTO movie_friend_schema.movie (movie_id, description, time_length, title, issue_year) VALUES (444, 'Люди любят животных. Кошечки, собачки, они такие милые. Мы держим их дома для своего удовольствия, для радости. И зверюшки отвечают нам взаимностью. Но мы уходим на работу, а домашние животные остаются одни дома. И нам кажется, что они сидят на коврике под дверью и ждут нас. Но не тут то было. Зверюшки совершенно не скучают в отсутствии хозяев. Им есть чем заняться. Они ходят друг другу в гости и развлекаются в ожидании вечера. Пес Макс, главный герой фильма, живет припеваючи с любимой хозяйкой и встречает своих гостей в ее отсутствие. Но однажды мирное течение его жизни нарушается. В доме появляется еще один питомец. В начале они соперники, но вскоре становятся друзьями. И вместе встают на защиту людей от обиженных и разбушевавшихся бездомных животных, которые хотят отомстить людям за то, что их выставили на улицу. Друзей ждут опасные, но интересные приключения. Они открывают для себя новый мир полный тайн и испытаний. Но они конечно же совсем справятся. ', 86, 'Тайная жизнь домашних животных 2', 2019);
INSERT INTO movie_friend_schema.movie (movie_id, description, time_length, title, issue_year) VALUES (445, 'Более десяти лет жители Чикаго, как и остальные земляне, терпят гнёт агрессивных пришельцев. Воля людей сломлена, поэтому они не могут ничего изменить. Инопланетные существа смогли подавить сопротивления, которые возникали ещё в начале их вторжения, и установить свои законы. Горожане существуют в постоянном страхе, их стравливают между собой и проводят эксперименты, как на подопытных кроликах, за которыми интересно наблюдать. Хотя на первый взгляд кажется, что в городе живут только покорные люди, в действительности всё не так просто. Жители одного из многоквартирных домов, которые в прошлом дружили между собой, в сложившейся ситуации оказались по разные стороны баррикад. Главный конфликт людей, находящихся в одних и тех же условиях, в том, что одни могут до конца жить в страхе и смирении, а другие готовы рисковать собой ради свободы. Но при этом у всех героев фильма «Земля в осаде» есть и общее желание: чтобы всё было как прежде. Удастся ли свободолюбивым горожанам убедить бывших друзей объединиться и избавиться от инопланетной власти? Узнают ли они, с какой целью пришельцы захватили Землю и чего хотят достичь, подталкивая население на конфликты? ', 109, 'Битва за Землю', 2019);
INSERT INTO movie_friend_schema.movie (movie_id, description, time_length, title, issue_year) VALUES (446, 'Шарлотта Филд - одна из самых влиятельных бизнесвумен планеты. Целеустремленная, умная, обворожительная, она хороша в любом деле, за которое берется. Фред Фларски - талантливый, но эксцентричный и склонный к саморазрушению журналист. У них нет ничего общего кроме того, что она - его первая любовь. И вот спустя годы они случайно встречаются вновь. Фред очаровывает Шарлотту, и она неожиданно для всех (и для самой себя) нанимает его в качестве спичрайтера для своей предвыборной кампании... Их воссоединение запускает цепочку головокружительно нелепых и опасных событий мирового масштаба. ', 125, 'Та еще парочка', 2019);
INSERT INTO movie_friend_schema.movie (movie_id, description, time_length, title, issue_year) VALUES (447, 'Конец света приближается. Титаны — истинные хозяева нашей планеты, которые были скрыты тысячи лет по всему миру. Но теперь пришло время, когда они вновь вышли на поверхность земли. На этот раз могучий монстр Годзилла намерен довести дело до конца и уничтожить все живое на своем пути. «Монарх» — агентство по сдерживанию монстров, которое оказывается не в силах бороться против титана. Оно пробуждает других монстров: Родана, Мотру и трехголового Кинг Гидора. Теперь именно им предстоит бороться против Годзилы, а человечеству остается лишь отойти в сторону и попытаться выжить. Никто не знает, чем закончится эта битва и что наш мир ждет впереди?.. ', 110, 'Годзилла 2: Король монстров', 2019);
INSERT INTO movie_friend_schema.movie (movie_id, description, time_length, title, issue_year) VALUES (448, 'Джон Шафт - молодой специалист по кибербезопасности, работающий в ФБР. Он всегда полагается на логику и четкий анализ ситуации и не привык прибегать к грубой силе. Однако убийство лучшего друга оказывается крайне запутанным делом. Методы Джона ни к чему не приводят, и он заходит в тупик. В этот сложный момент он решает обратиться к старшему поколению Шафтов. Его отец всегда считал себя лучшим агентом в истории, а дедуля не раз распутывал самые сложные дела. Каждый из них полагается на свои приемы расследования. Теперь им предстоит работать вместе, и возможная именно старые методы помогут им выйти на убийцу?.. ', 111, 'Шафт', 2019);
INSERT INTO movie_friend_schema.movie (movie_id, description, time_length, title, issue_year) VALUES (449, 'Будущее подчиняется технократическим правилам. Роботы и киборги получают всеобъемлющие права на соседство, а местами — даже превосходство над человечеством. Жестокий мир состоит из воинствующих групп и заговоров. Отчаянные воители собираются в кланы, чтобы угнетать слабых и завоевывать определенные сферы влияния. Опытный доктор находит на свалке детали странного механизма. Усилиями чуткого специалиста «Алита: Боевой ангел» обретает шанс на воскрешение. Подобную возможность подопечной дарует ее уникальная черта — сочетание человеческого мозга с механическим телом. Покалеченные останки металла удается воссоздать и прикрепить в нудно последовательности. Творение получает второе дыхание, а приемный отец радуется восстанию детища. Воспитанница теряет все воспоминания, но обретает жизнь. Несмотря на амнезию, армейские навыки, сила и сноровка пробуждаются. Необычные умения намекают на воинственное прошлое киборга. Парочка союзников помогает выброшенной на свалку воительнице восстановить справедливость. Постепенно раскрывая детали собственной личности, электронная амазонка старается понять, на чьей стороне ей предстоит сражаться. Роковой выбор между несопоставимыми полюсами скажется на судьбе целой планеты. ', 100, 'Алита: Боевой ангел', 2019);
INSERT INTO movie_friend_schema.movie (movie_id, description, time_length, title, issue_year) VALUES (450, 'История начинается с таинственного исчезновения частного детектива экстра- класса Гарри Гудмана, расследовать которое предстоит его 21-летнему сыну Тиму. Помощь в расследовании ему окажет бывший партнер отца, детектив Пикачу - уморительный, остроумный и обаятельный сыщик, который является загадкой даже для себя самого. Обнаружив, что они каким-то фантастическим образом способны общаться друг с другом, Тим и Пикачу объединяют усилия в захватывающем расследовании этой запутанной истории. В погоне за уликами по неоновым улицам Райм Сити - современного разросшегося мегаполиса, где люди и покемоны живут бок о бок в гиперреалистичном мире игрового экшна, - они встречают самых разнообразных покемонов и раскрывают ужасный заговор, который способен разрушить это мирное сосуществование и стать угрозой для всей вселенной покемонов. ', 104, 'Покемон. Детектив Пикачу', 2019);
INSERT INTO movie_friend_schema.movie (movie_id, description, time_length, title, issue_year) VALUES (451, 'В новой экранизации культового комикса зрителей будет ждать история о самом порождении ада, который не должен был очутиться в мире людей. Однако в результате оккультных манипуляций со стороны нацистов, врата ада открыли свой путь для многих существ, включая самого демона Хэллбоя, оставшегося здесь на всегда. В течение долгих лет он находился на воспитании спецслужб, в результате чего стал обычным жителем нашей планеты, стоящим на страже правопорядка и сражающимся со злом во всех его проявлениях. Несмотря на свой устрашающий вид, не самое лицеприятное поведение и сам факт адского происхождения, Хэллбой действует исключительно из благих побуждений, не подвергая невинных людей никакой опасности. Вскоре он окажется перед лицом невиданной опасности, исходящей от могущественной королевы, в течение долгих лет находившейся в заточении. Она оказалась там по вине человечества, из-за чего мечтает ему отомстить самым жестоким образом. И лишь Хэллбою под силу остановить грядущий конец света, в чем ему поможет верная спутница и ряд других персонажей. Ему придется пролить литры крови и проявить всю свою несокрушимую силу, которую прежде старался контролировать. ', 120, 'Хеллбой', 2019);
INSERT INTO movie_friend_schema.movie (movie_id, description, time_length, title, issue_year) VALUES (452, 'Луис Крид переезжает со своей семьей в новый дом, окруженный лесом. Никто из них даже не подозревает, что будет жить рядом с местом, где расположено кладбище домашних животных. Практически сразу по приезду любимый питомец семьи попадает под колеса грузовика. Сын доктора Луиса очень тяжело переживает смерть кота, поэтому мужчина отправляется на кладбище домашних животных, чтобы похоронить там своего питомца. Так ему посоветовал местный житель, указывая на то, что это кладбище является непростым местом. Согласно легенде оно обладает таинственной воскрешающей силой. Луис и подумать не мог, что захоронение их питомца станет началом чудовищных событий, которые докажут Кридам, что мертвые должны оставаться мертвыми... ', 97, 'Кладбище домашних животных', 2019);
INSERT INTO movie_friend_schema.movie (movie_id, description, time_length, title, issue_year) VALUES (453, 'Заинтересовавшись делами об убийстве двух самых влиятельных хип-хоп исполнителей США, журналист Джексон начинает изучать архивные материалы, чтобы выяснить правду. Он убеждён, что убийство Тупака Шакура связано с гибелью Бигги Смолза. Когда был убит Тупак, Бигги считали главным подозреваемым в покушении на рэпера. Это стало официальной версией полицейского расследования, которое так и не было завершено из-за последующей смерти Смолза в 1997 году. Желая разобраться во всём самостоятельно, главный герой фильма «Город лжи» находит адрес детектива Рассела Пула, который в прошлом расследовал оба убийства. Встретившись с Расселом, Джексон убеждает его в том, что Бигги не мог «заказать» коллегу по сцене, даже несмотря на имевшиеся между ними разногласия. В итоге они сообща поднимают архивные записи и пытаются понять, кто именно стоит за убийствами двух икон американского хип-хопа. Тщательное расследование позволяет героям прийти к выводу, что к обоим покушениям причастна полиция Лос-Анджелеса. Это единственное объяснение тому, что за двадцать лет непрекращающихся расследований не было произведено ни одного ареста. Изначально Рассел не верит в это, но, задавая неудобные вопросы начальству, убеждается, что данная версия имеет право на существование. ', 122, 'Город лжи', 2019);
INSERT INTO movie_friend_schema.movie (movie_id, description, time_length, title, issue_year) VALUES (454, 'Фильм, основанный на реальных исторических событиях. Россия времён царствования Петра I. Сложное становление империи, кровопролитные междоусобицы и посягательства внешних врагов. В это время молодой офицер новой гвардии Петра I Иван Демарин по заданию царя отправляется в Сибирь, в пограничный город Тобольск. Здесь Иван встречает свою первую любовь и вместе со своим полком оказывается втянутым в заговор местных князей, охотящихся за золотом Яркенда. Его крепость окружена полчищами диких джунгаров и помощи ждать неоткуда. ', 108, 'Тобол', 2019);
INSERT INTO movie_friend_schema.movie (movie_id, description, time_length, title, issue_year) VALUES (455, 'Зловещий призрак Пиковой Дамы снова жаждет крови, и на этот раз его жертвами становятся воспитанники школы-интерната, расположенного в старинном особняке, окутанном мрачными слухами. Развлекая друг друга страшилками об убийствах детей, которые совершались в этом доме в позапрошлом столетии, подростки находят в заброшенном крыле здания таинственное зеркало, покрытое загадочными рисунками. Ради шутки, ученики проводят перед этим зеркалом мистический обряд вызова духа Пиковой Дамы и загадывают самые сокровенные желания, надеясь, что призрак их исполнит. Шутники не подозревают о том, что платой за выполнение каждой прихоти станут их собственные души - и что Пиковая Дама не успокоится, пока не получит их все. ', 83, 'Пиковая дама: Зазеркалье', 2019);
INSERT INTO movie_friend_schema.movie (movie_id, description, time_length, title, issue_year) VALUES (456, 'В 1941 году молодой лейтенант Сбоев получает первое назначение. Он попадает на военное судно, которое перевозит боеприпасы и заключённых строителей. Очень важно, чтобы корабль вовремя добрался до пункта назначения и доставил груз. Зэки, находящиеся на судне, задумывают устроить бунт, захватить корабль и совершить побег. Они разрабатывают план и в тот момент, когда охрана теряет бдительность, нападают. На корабле начинается переполох, в котором погибает несколько охранников и заключённых. Ситуация полностью выходит из-под контроля, и Сбоев один из немногих, кто может всё исправить. В тот момент, когда заключённые поднимают бунт, на судно нападают фашистские самолёты. В опасности оказываются все, кто находятся на корабле. Победить врага можно лишь общими усилиями, поэтому зэкам и советским солдатам не остаётся ничего другого, кроме как объединить силы перед лицом общей угрозы. Но смогут ли нормально между собой взаимодействовать люди, которые ещё недавно готовы были убить друг друга? Ситуация осложняется ещё и тем, что корабль во что бы то ни стало должен добраться до пункта назначения и доставить боеприпасы. Сбоев это прекрасно понимает, и он сделает всё возможное, чтобы выполнить своё первое задание. ', 87, 'Семь пар нечистых', 2018);
INSERT INTO movie_friend_schema.movie (movie_id, description, time_length, title, issue_year) VALUES (457, 'Юный Сандрик живёт вместе с родителями в большом городе. Его мать и отец по непонятным причинам не общаются со своими родителями – бабушкой и дедушкой мальчика. Однажды папа и мама Сандрика оказываются в затруднительной ситуации, связанной с финансовыми проблемами. Это побуждает их обратиться за помощью к своим родителям, проживающим в отдалённой абхазкой деревне. Суть просьбы заключается в том, чтобы Сандрик побыл в деревне до тех пор, пока ситуация не наладится. По прибытии в посёлок, главный герой киноленты «Спасибо деду за победу» становится свидетелем совершенно иного образа жизни и восхищается прекрасными пейзажами. В первое время мальчик ко всему относится с недоверием и непониманием. Но после того, как Сандрик ближе знакомится со стариками, а также узнаёт истории дедушки о военных действиях прошлых лет, он начинает любить это место. Что ещё произойдёт за время пребывания мальчика в деревне? ', 90, 'Спасибо деду за победу', 2019);
INSERT INTO movie_friend_schema.movie (movie_id, description, time_length, title, issue_year) VALUES (458, 'Цивилизацию разрушил апокалипсис. Молниеносно распространился вирус. Люди умерли. В изолированном бункере автоматически включилась программа аварийной репопуляции. Робот, названный разработчиками Мать, выращивает из заранее сохранённого биологического материала ребёнка. Машина растила подопечную, имя которой - Дочь. Родительница твердит, что любит подопечную и готова защитить её. Также убеждает, что снаружи мир уничтожен. Ребёнок любит прижаться к стальному существу с монотонным голосом. «Дитя робота» не сомневается в искренности продукта айтишников. Шанс восстановить популяцию человечества появился благодаря рождению девочки. Однажды в мрачном и наполненном гаджетами бункере заорала сирена. Новая «Ева», ставшая уже подростком, подбежала к металлическому входу. Снаружи стучалась перепуганная женщина, кричавшая: «Откройте! Быстрее!». Девочка, рискуя жизнью, впустила незнакомку. Поинтересовалась, как гостья пережила эпидемию. Та рассказала, что многие вещи, которые робот рассказывал о мире своему дитя, это - ложь. Женщина утверждает, что машина-мать опаснее, чем кажется. Подросток не верит. А придётся. ', 115, 'Дитя робота', 2019);
INSERT INTO movie_friend_schema.movie (movie_id, description, time_length, title, issue_year) VALUES (459, 'Супруги Аделаида и Гейб решают приятно провести выходные. Вместе с детьми они едут в живописное местечко, славящееся прекрасным пляжем и парком аттракционов. Там главные герои остросюжетного фильма «Мы» арендуют дом, а день проводят с новыми друзьями. Для Аделаиды это хорошая возможность забыть о давней психологической травме, до сих пор отравляющей её жизнь. Женщина страдает тревожным расстройством – она слишком боится за своих детей. Со временем этот страх превратился в манию. Однажды обстановка становится по-настоящему пугающей: ночью появляются странные люди. Они молча стоят около дома, в котором остановилось семейство. Чтобы выяснить намерения этих странных личностей, Гейб выходит на улицу. С этого момента для героев начинается форменный кошмар. Вооружённые острыми ножницами незваные гости проявляют невиданную агрессию. Они нападают на всех, кто стоит на пути, и безжалостно расправляются с жертвами. Аделаида понимает, что теперь безопасность детей зависит лишь от неё. Измученная собственными страхами женщина бросает вызов кровожадным незнакомцам. Смогут ли герои спастись? Какие открытия ожидают их впереди? И кем на самом деле являются психопаты, преследующие мирную семью? ', 116, 'Мы', 2019);
INSERT INTO movie_friend_schema.movie (movie_id, description, time_length, title, issue_year) VALUES (460, 'История рассказывает о дружбе и преданности, о событиях давно минувших дней, происходящих на фоне Великой Отечественной Войны. Когда человечество сталкивается с серьезными трудностями, люди начинают смотреть на мир под другим углом и ценить свой народ. Советская армия, состоящая из танкистов, стремится преодолеть тяжёлые рубежи и не попасть в смертоносные ловушки, установленные врагами. Они не собираются сдаваться в лапы коварного противника и готовы сражаться до победного. Иногда бывает так, что победа уже близка, но неверный шаг, способен обернуться трагическим образом. Великое сражение далось Русским солдатам нелегко, в ходе войны погибло множество невинных людей. После победы над Берлином, красная армия мечтает покорить разные уголки планеты. Герои отправляются в Париж, насладится романтикой и величием, замечательного города. Именно здесь они мечтают, наконец, отдохнуть от тяжёлых сражений. Вернутся в реальный мир и осознать, что все плохое позади, задача не из легких. Сны бывших танкистов тревожные и им везде мерещатся вражеские войска. Возможно именно Париж то самое место, которое поможет юношам, справится с тяжестями прошлого. ', 95, 'На Париж', 2019);
INSERT INTO movie_friend_schema.movie (movie_id, description, time_length, title, issue_year) VALUES (461, 'Ленинград. Маше Яблочкиной шестнадцать лет. Она только что закончила среднюю школу. Впереди её ждёт светлое и счастливое будущее. Молодая и мечтательная девушка строит планы, хочет поступить в институт, получить специальность, найти работу. Но всем этим простым человеческим мечтам не суждено сбыться. Тёплые девичьи планы разбились о суровую и беспощадную действительность войны. Ленинград в блокаде. Жители с трудом пережили зиму 1941-1942. Это было время лишений и потерь. Вчерашняя выпускница Машка Яблочкина была вынуждена быстро повзрослеть. Железнодорожные курсы становятся шансом на выживание для юных ленинградцев и девчонка его использует. Окончив курсы, девчонка вместе со своими товарищами отправляется на строительство железной дороги. Эта дорога - единственная надежда на выживание города. Из-за этого Шлиссельбургскую магистраль и нарекли «Коридором бессмертия». Строительство этого пути было смертельно опасным заданием, так как путь хорошо просматривался и постоянно находился под обстрелом вражеской артиллерии. Только эта дорога связывала город с миром. Поезда доставляли по ней продукты и снаряжение, несмотря на опасность... ', 125, 'Коридор бессмертия', 2019);
INSERT INTO movie_friend_schema.movie (movie_id, description, time_length, title, issue_year) VALUES (462, 'В окрестностях села Диканька стали происходить жестокие убийства девушек. На месте совершения этих чудовищных преступлений был замечен таинственный тёмный всадник. Судебный писарь Николай Гоголь по стечению обстоятельств возглавляет расследование серии жестоких убийств. Постепенно он приближается к разгадке тайны Всадника, но, чем ближе он подбирается, тем чаще его преследуют страшные видения. В своих видениях он видит достаточно странные и пугающие образы, но вскоре он понимает, что эти образы помогают ему в расследовании. С помощью своих видений Гоголь узнаёт, что новой жертвой может стать его возлюбленная Лиза. Он просит её не выходить на улицу, а сам в это время намеревается любой ценой решить проблему. Помощником Гоголя в этом деле становится экзорцист Хома Брут, чьё призвание бороться с различной нечистью. Постепенно герои всё ближе подбираются к своему противнику. Но, чтобы победить его, им предстоит провести несколько ночей в часовне, отпевая сильную ведьму Ульяну. Спасти их от нечисти может только круг, нарисованный мелом. За этот круг тёмные силы не могут заступить. Но что будет, если Гоголь и Брут столкнуться с самым жутким порождением тьмы Вием? Вий является злом во плоти, и пережить встречу с ним будет крайне непросто. ', 102, 'Гоголь. Вий', 2018);
INSERT INTO movie_friend_schema.movie (movie_id, description, time_length, title, issue_year) VALUES (463, '1941-й год, начало войны. Где-то под Волоколамском идет ожесточенная и неравная битва. В итоге фашистская рота под командованием Клауса Ягера останавливает сопротивление советских солдат и разбивает танк, успевший сильно ей навредить. Экипаж погибшей боевой машины из чудом уцелевших механика-водителя по фамилии Василенок и младшего лейтенанта Ивушкина попадает в плен. Эти три года длились бесконечно. Жизнь в заточении заставила бойцов вынести множество физических и моральных издевательств со стороны врага. Однако, несмотря на тяжелейшие условия и поистине рабское существование, воля русских воинов не сломалась — все время их души грела мысль, что Родина обязательно выстоит, победит, а фриц будет бит. Танкист Ивушкин же не теряет надежды вырваться из плена самому и вытащить товарищей: кропотливо и тихо, день за днем, он разрабатывает план побега. И вот однажды, когда немцы решили испытать свою новую современнейшую технику, пушечным мясом для которой станут невольники, младший лейтенант понял, что это его шанс. Ивушкин вызывается добровольцем и соглашается возглавить приговоренных к смерти солдат за пределами лагеря… Сейчас или никогда! ', 130, 'Т-34', 2018);
INSERT INTO movie_friend_schema.movie (movie_id, description, time_length, title, issue_year) VALUES (464, 'Воинственные викинги получили верных соратников в лице крылатых змеев. Огнедышащие монстры теперь помогают разжечь огонь, а игольчатые красавцы отпугивают врагов. Утопический союз стал реальностью благодаря мудрому лидеру племени. Иккинг продолжает изучать с Беззубиком огромный мир. Смельчак знает, «Как приручить дракона 3» в экстремальных условиях. Однажды сокровенные знания помогут друзьям пережить смутные времена. Белоснежная дневная фурия случайно залетает в окрестности, где проживают приятели. Эффектная красавица сразу похищает сердце темного дракончика. Наследник вождя храбрых викингов обучают любимчика азам ухаживаний. Неловкий кавалер пытается понравиться заморской гостье. Вскоре подруга показывает Ночной фурии и его друзьям свой волшебный мир. Бескрайнее драконье королевство удивляет чужаков своим великолепием. Но дружбе народов мешает коварный Охотник. Злодей мечтает заполучить последнего представителя черной драконьей масти в качестве трофея. Неудержимый иностранец готов разрушить все местные царства, чтобы добиться желаемого. Смелая братия выступает против убийцы и готовится дать отпор хитроумным козням врага. История дружбы и беззаветного братского единства между людьми и драконами близится к завершению. ', 104, 'Как приручить дракона 3', 2019);
INSERT INTO movie_friend_schema.movie (movie_id, description, time_length, title, issue_year) VALUES (465, 'Добропорядочный семьянин является настоящим достоянием северного городка. На плечах Нэлса буквально держится благосостояние общины. Ежедневно опытный «Снегоуборщик» приступает к расчистке жизненно важных городских артерий — трасс и улочек. Соседи благодарны умельцу за его адские труды. Мужчину ценят настолько, что нарекают его почетным гражданином. Однажды любимчик горожан становится жертвой злого рока. Сын благородного главы семейства погибает от пыток, учиненных приспешниками наркобарона. Безутешные родители не представляют будущего без улыбки парнишки, который не успел вдоволь надышаться приключениями и собственной молодостью. Трагедия преображает законопослушного отца. Отныне разъяренному чистильщику нечего терять. Охотничьи навыки являются эффективным орудием в руках мстителя. Новичок быстро собирает сведения о заклятых врагах. Мишени расчетливого искателя возмездия дорого заплатят за предсмертные мучения погибшего парня. Главной целью охотника на снегоочистительной машине становится Викинг — предводитель влиятельного местного синдиката. Преследователь загоняет мафиози в тупик и стравливает со злейшим лидером конкурирующей ячейки. Ловушка для преступников срабатывает четко, но мститель собирается довести до конца зловещее начинание. ', 118, 'Снегоуборщик', 2019);
INSERT INTO movie_friend_schema.movie (movie_id, description, time_length, title, issue_year) VALUES (466, 'В канун нового года отделение полиции «Барвиха Северное» оказывается под угрозой закрытия. Чтобы спасти родной отдел, полицейский с Рублевки Гриша Измайлов вынужден пойти на крайние меры и вместе с оперативниками решает ограбить банк. Он рассчитывает на то, что его коллеги вместе с начальником отдела - Яковлевым легко раскроют это дело, деньги вернут обратно, и все сохранят работу в следующем году. Но все идет не так, как задумал Гриша... ', 90, 'Полицейский с Рублёвки. Новогодний беспредел', 2018);
INSERT INTO movie_friend_schema.movie (movie_id, description, time_length, title, issue_year) VALUES (467, 'Элли и Пит – счастливая супружеская пара, у которой жизнь сложилась просто замечательно. У них крепкие отношения, хорошая работа, верные друзья и достаточно большой дом. Нет у них лишь одного, чтобы они вписывались в представление общества о счастливой семье, – детей. Они бездетны, и это становится довольно серьёзной проблемой, ведь супруги всерьёз задумываются над тем, чтобы завести малыша. В итоге они решают взять ребёнка из приюта. Герои отправляются в детский дом, где знакомятся с девочкой-подростком со сложным характером, у которой к тому же ещё оказываются младшие брат и сестра. Элли и Пит решают пойти на определённые риски, взяв под опеку сразу трёх детей.  У пары, которая совершенно не знает, как общаться с детьми, в доме селятся сразу трое ребят со сложными характерами. Возникают серьёзные трудности воспитания, и между новоиспечёнными родителями и их детьми постоянно происходят разногласия. Особенно это касается старшей девочки Лиззи, которая переживает сложный подростковый период. Несмотря на все многочисленные трудности и непростые характеры детей, Элли и Пит не опускают руки. Они верят, что смогут однажды завоевать доверие и симпатию детей, чтобы стать для них полноценными и настоящими родителями. ', 118, 'Семья по-быстрому', 2018);
INSERT INTO movie_friend_schema.movie (movie_id, description, time_length, title, issue_year) VALUES (468, 'Молодой наивный провинциал Артём приезжает к другу в Москву в надежде на новую красивую жизнь, но для начала вынужден помогать ему в нелёгком ночном труде «трезвого водителя». В первый же вечер, отвозя из ночного клуба красавицу Кристину, Артём по недоразумению оказывается вместе с ней в дорогом гостиничном номере. Совершенно не помня события прошлой ночи, Кристина принимает парня за молодого миллионера, а тот, в свою очередь, не спешит ее разочаровывать. С каждым свиданием Артём влюбляется все больше, но и выкручиваться из нелепых ситуаций становится всё сложнее. ', 105, 'Трезвый водитель', 2019);
INSERT INTO movie_friend_schema.movie (movie_id, description, time_length, title, issue_year) VALUES (469, 'В центре внимания находятся события, которые произошли в период Великой Отечественной войны. В этот ужасный промежуток времени на обширных территориях Ростовской области имело место ожесточенное военное противостояние. Акцент в этой битве был поставлен на танковые подразделения, которые представлялись единственной надеждой на возможность достижения положительного исхода из сложившейся ситуации. Русские сильно уступали врагу в количестве задействованной техники. Однако даже при подобном раскладе они не теряли надежду, что смогут одолеть врага. За весь этот период отчаянно наносил удары всем противникам экипаж "КВ-1", командиром которого выступал бесстрашный и решительный Семен Коновалов. Несмотря на огромную разницу в силах, эта боевая машина один за другим наносила вражеской технике сокрушительные удары. Фашисты никак не ожидали подобного развития событий. Сколько раз немецкие войска пробовали подорвать этот танк, однако у них ничего не выходило. Ведь русская боевая машина очень ловко уклонялась от всех снарядов, продолжая держать в страхе немецких солдат. Теперь враг уже колеблется с вариантами возможного исхода этой ситуации. Ведь неравные силы совершенно не сказываются на русских солдатах. ', 90, 'Несокрушимый', 2018);
INSERT INTO movie_friend_schema.movie (movie_id, description, time_length, title, issue_year) VALUES (470, 'Однажды Дэвид Данн обрел чрезвычайную уверенность в своем необычном призвании. Мужчина стал единственным выжившим пассажиром поезда, разлетевшегося на куски. Счастливчик понял, что обладает не просто особенной везучестью, а целым комплексом сверхъестественных умений. Злым роком для неуязвимого землянина оказался мистер «Стекло» с высоким уровнем интеллекта. Хитрец разгадал секрет изучаемого субъекта и начал его преследовать. Причиной чрезмерной заинтересованности в живучем человеке стала личная трагедия преследователя. Хрупкие кости являлись помехой для личностного развития и карьеры интеллектуала. Спустя годы после стычки с коварным злодеем в инвалидной коляске беглец узнал о загадочном происшествии. Полиция безрезультатно гналась за ловким манипулятором, в теле которого уживается 24 личности. Заинтригованный супергерой увидел все грехи садиста и решил выследить его в одиночку. Вскоре троица сталкивается и понимает, что имеет особую связь, вызванную личными комплексами и проблемами. Опытный психиатр изучает запутанные истории болезней зловещих пациентов. Специалист желает разгадать причины их нестабильного поведения, для чего привлекает к исследованию несчастную школьницу, сумевшую целой выбраться из плена мучителя. ', 129, 'Стекло', 2019);
INSERT INTO movie_friend_schema.movie (movie_id, description, time_length, title, issue_year) VALUES (471, 'Вторая мировая война набирает обороты, и всё больше стран втягиваются в кровавое противостояние. Союзные войска готовятся к высадке своих значительных сил в Нормандии. Но перед проведением масштабной операции, которая может изменить ход всей войны, принимается решение предварительно провести секретную спецоперацию с участием небольшой группы подготовленных солдат. Перед отрядом американских десантников ставится задача уничтожить немецкую радиомачту, расположенную в небольшом посёлке в самом тылу врага. С огромными трудностями лазутчикам всё же удаётся добраться до цели, и им предстоит серьёзно постараться, чтобы выполнить поставленную перед ними задачу. Героев окружает большое количество нацистских военных, и они должны действовать крайне осторожно, чтобы их не рассекретили.  Двое десантников, используя все свои знания и навыки, всё же пробираются на территорию, где должен находиться нужный им объект. Но вскоре они с ужасом для себя понимают, что должны бояться не немецких солдат, а страшных чудовищ, которые населяют это место. В посёлке оказывается секретная лаборатория по созданию сверхсолдат с помощью кошмарных экспериментов. Существа, которые были здесь созданы, становятся угрозой не только для американских диверсантов, выполняющих опасную миссию, но и для всего человечества. ', 109, 'Оверлорд', 2018);
INSERT INTO movie_friend_schema.movie (movie_id, description, time_length, title, issue_year) VALUES (472, 'Девочка по имени Клара тяжело переживает смерть матери. Одним из немногих утешений для неё становится громкий праздник, устроенный в доме в честь Рождества. Играя в доме, героиня удивительным образом попадает в загадочный волшебный мир, который совершенно не похож на всё то, что она видела до этого. Клара отправляется в путешествие по трём королевствам, в которых царят мир, гармония и любовь. Она знакомится с королевами и постепенно привыкает к сказочному миру, который манит её. Но также девочка узнаёт и о четвёртом королевстве, в котором всё далеко не так светло и празднично, как в остальных королевствах.  Страна сладостей, Страна снегов и Страна цветов оказываются под угрозой, когда могущественная волшебница из четвёртого королевства решает их захватить. Бесчисленное войско мышей во главе с Мышиным Королём угрожает всему доброму и светлому, что есть в сказочном мире. Силы зла намерены разрушить добрую сказку и жизнь самой Клары. Теперь лишь отважная девочка может противостоять тёмным силам. Она отправляется в опасное и непредсказуемое путешествие, и на своём пути она встретит немало серьёзных препятствий. Сможет ли Клара преодолеть все трудности и спасти волшебные королевства? ', 99, 'Щелкунчик и четыре королевства', 2018);
INSERT INTO movie_friend_schema.movie (movie_id, description, time_length, title, issue_year) VALUES (473, 'Считаете ли вы себя хранителем каких-то тайн? Нет? А готовы ли вы при этом хотя бы короткий промежуток времени быть откровенными с окружающими? Главные герои комедийного фильма не сомневались, что никаких сложностей в связи с этим не возникнет. Разумеется, были и ярые противники излишней честности, но признаться в этом – значит подтвердить, что ты что-то скрываешь. В итоге громкая связь включена, смартфоны лежат дисплеями вверх, а все входящие смс-сообщения зачитываются вслух. Уютный вечер встречи семерых друзей приобретает совершенно другие оттенки, что скажется на судьбах всех присутствующих. Сыграть в оригинальную игру предложила одна из девушек, иронизирующая по поводу недавнего спора. Вынужденно или добровольно, но правила принимают все собравшиеся. Для одного из героев игра из абсурдной превращается в опасную уже спустя несколько минут, когда на его телефон приходит сообщение с текстом: «Малыш, я тебя хочу». Всё бы ничего, но это происходит в присутствии его спутницы, которая по вполне понятным причинам начинает возмущаться. А дальше следует множество компрометирующих звонков и сообщений, адресованных абсолютно всем собравшимся. Чем завершится встреча, которая так прекрасно начиналась? ', 96, 'Громкая связь', 2019);
INSERT INTO movie_friend_schema.movie (movie_id, description, time_length, title, issue_year) VALUES (474, '1987 год. Мятежный подросток Чарли шатается по автомобильным свалкам в поисках раритетных машин. Девушка мечтает поскорее повзрослеть или удивить родителей мудрым поступком, но все происходит наоборот. Увидав в груде развалин шикарный желтый фольксваген, юная особа загорается идеей реставрировать машину. Красавица забирает «Бамблби» домой, не догадываясь о происхождении железного друга. Серьезные повреждения частично стерли трансформеру память. Укрывшись в калифорнийской глубинке, галактический странник пережидал время, но надолго выбился из строя. Новая владелица при ремонте замечает странные отклонения в строении автомобиля. Внезапно перед смышленой школьницей восстает настоящий роботизированный пришелец. Могущественный желтый чудак еще слабо разбирается в земных законах, а о своем происхождении и предназначении попросту забывает. Девушка налаживает поврежденную микросхему. Новоявленные друзья слышат послание из далекой галактики о продолжении ожесточенных войн между заклятыми врагами. Группа преследователей со сверхмощным оружием появляется на планете, чтобы перехватить беглеца. Отныне земляне станут непосредственными участниками кровавой схватки инопланетных великанов. Сумеют ли девочка и пришелец выбраться из западни, подстроенной недругами? ', 113, 'Бамблби', 2018);
INSERT INTO movie_friend_schema.movie (movie_id, description, time_length, title, issue_year) VALUES (475, 'Восставший из пепла Рокки Бальбоа тренирует сына давнего друга. Новоиспеченный триумфатор имеет достаточно регалий, чтобы противостоять элите мирового спорта. Отважный боксер знает, как добиваться желанных чемпионских поясов, но однажды перед парнем появляется серьезная дилемма. Накануне выбора очередного соперника «Крид 2» становится отцом. Родительские чувства к малышу напоминают мужчине собственные переживания после гибели родного человека. Выдающийся спортсмен погиб на ринге от мощного удара оппонента. Теперь наследник кровного врага постепенно подбирается к большим наградам и может пошатнуть престол действующего лидера рейтингов. Виктор Драго бросает вызов отпрыску известного боксера, поверженного его папашей. Богатырь тренировался в суровых условиях под надзором жестокого убийцы. Победные годы нынешнего чемпиона — ничто в сравнении с колоссальным трудом, проведенным славянином накануне боя. Стычка принципиальных противников позволяет промоутерам создать эффектные афиши. Заведомо сенсационный поединок, несмотря на исход, является переломной вехой для спортсменов в полутяжелом весе. Наставник пытается отговорить Адониса от смертельных раундов, но сын собирается отстоять честь убитого отца. ', 130, 'Крид 2', 2018);
INSERT INTO movie_friend_schema.movie (movie_id, description, time_length, title, issue_year) VALUES (476, 'Пограничная зона между Парагваем, Аргентиной и Бразилией считается раем для организованной преступности, наркоторговцев и террористов. Долгие годы отряды специального назначения пытались зачистить регион, но безуспешно. Пятеро оперативников устали смотреть, как впустую погибают их коллеги, и решают взять дело в свои руки. Они рассчитывают ограбить местного наркобарона и одним выстрелом убить двух зайцев - лишить крупный картель финансирования и обеспечить себе безбедное существование. ', 125, 'Тройная граница', 2019);
INSERT INTO movie_friend_schema.movie (movie_id, description, time_length, title, issue_year) VALUES (477, 'Реальная действительность не для всех складывается благоприятным образом, наполняя окружающую атмосферу гармонией и относительным спокойствием в плане реакции на происходящие вокруг события. Некоторые люди сталкиваются с необходимостью вступить в непримиримую, неравную борьбу с более сильным противником, стоящим на пути к справедливости. Молодая женщина недавно пережила страшную трагедию, связанную с гибелью членов своей семьи, пострадавших от рук жестокого убийцы. Несмотря на беспрецедентность данного преступления, правительственные органы не стали разбираться в произошедшем инциденте и прекратили расследование, позволив кровожадному убийце безнаказанно продолжить существование. Никто не собирается оказывать существенную помощь обезумевшей от горя женщине, потерявшей вместе с умершими родными желание жить дальше. Возмущенная бездействием властей вдова не согласна мириться с создавшейся ситуацией, она намеревается бороться с системой, установленной в государстве, позволяющей злобным преступникам избегать заслуженного наказания и продолжать совершать противоправные поступки. Счастливое семейство вело обыкновенный образ жизни, не подозревая, что совместное счастье вскоре моментально разрушится. Они случайно оказались однажды в центре уличных разборок бандитских группировок и погибли в результате перестрелки. Оставшаяся в живых мать и бывшая жена собирается собственными силами расправиться виновниками смерти близких людей. Перед глазами стоит личико погибшей дочки, уплетающей любимое, мятное мороженое. За эти воспоминания женщина готова любого разорвать на куски, кто планирует преградить ей путь продвижения к намеченной цели. Теперь месть стала единственным смыслом пробуждения по утрам. ', 101, 'Багровая мята', 2018);
INSERT INTO movie_friend_schema.movie (movie_id, description, time_length, title, issue_year) VALUES (478, 'Компания друзей поднимается в горы, чтобы незабываемо встретить новогоднюю ночь на вершине горы. Ребята уже предвкушают, как под бой курантов и взрывы салютов они весело съедут вниз. Но приключение оборачивается настоящим кошмаром, когда в самый разгар праздника хлипкий вагончик, привёзший их ввысь, застревает над пропастью. ', 80, 'Отрыв', 2019);
INSERT INTO movie_friend_schema.movie (movie_id, description, time_length, title, issue_year) VALUES (479, 'Сын полицейского скрывает от общественности особый дар. Майлз Моралес недавно открыл свое предназначение — быть супергероем. Ловкий мальчишка легко перелетает через небоскребы, спускаясь по тончайшей паутинке. Однажды недоумевающий «Человек-паук: Через вселенные» видит свою точную копию. Умелый и взрослый Питер Паркер давно освоил геройское ремесло. Красавчик неоднократно спасал планету от коварных злодеев. Люди поныне превозносят гениальный талант мутанта. Столкнувшись с предшественником из другой эпохи, ребята с одинаковыми умениями становятся друзьями. Старший товарищ обучает новичкам ловким трюкам. Эффектные приемчики парочки схватывает на лету бесстрашная девушка в образе Паука. Жительница другого измерения способна научить товарищей по оружию новой технике сражений. Вскоре к паучьей братии людей присоединяется говорящее животное с завидным обаянием. Команда, состоящая из обитателей разных миров, недоумевает по поводу своей нежданной встречи. Тем временем хитрый злодей запускает на полную мощь непредсказуемый адронный коллайдер. Каждое движение аппарата разверзает на Земле катастрофические опасности. Верным соратникам следует потрудиться, чтобы остановить интригана и вернуть парнишку в нужный временной отрезок для спасения планеты. ', 117, 'Человек-паук: Через вселенные', 2018);
INSERT INTO movie_friend_schema.movie (movie_id, description, time_length, title, issue_year) VALUES (480, 'Прямо посреди дня из своего «мерса» похищен местный олигарх Калугин. Неизвестные в балаклавах потребовали за него большой выкуп. Отвезти деньги берётся глава личной охраны бизнесмена по кличке Туман. Его вооружённые до зубов «спецы» приезжают ночью на завод Калугина, где теперь босса держат в заложниках. Они пока не знают, что те другие, забаррикадировавшиеся в цехе - это местные рабочие во главе с бывшим спецназовцем по прозвищу Седой. Полгода без зарплаты и предстоящее банкротство завода толкнули их на отчаянный шаг. Чтобы вытащить своего хозяина, «спецы» не остановятся ни перед чем. Но в отличие от них «работягам» больше нечего терять... ', 109, 'Завод', 2019);
INSERT INTO movie_friend_schema.movie (movie_id, description, time_length, title, issue_year) VALUES (481, 'Сюжет фильма основан на реальных событиях. Тони — мужчина средних лет, который работает вышибалой. Все называют его «Болтун», поскольку он всегда имеет свое мнение на любой счет и никогда не умалчивает об этом. Тони всегда лезет не в свое дело, раздавая всем советы. Однажды ему звонит старый приятель, который сообщает о том, что некий доктор ищет себе водителя. Тони с радостью соглашается на работу, даже несмотря на то, что ему предстоит уехать на некоторое время, оставив любимую семью. Вскоре он знакомится с доктором Шерли — известным темнокожим музыкантом. Вместе им предстоит отправиться в путешествие, которое навсегда изменит их... ', 130, 'Зелёная книга', 2018);
INSERT INTO movie_friend_schema.movie (movie_id, description, time_length, title, issue_year) VALUES (482, 'Крестоносец и благородный воин граф Робин Локсли после длительного отсутствия возвращается в родной Ноттингем. Герой видит, что городом правит жестокий и жадный шериф, для которого люди являются лишь способом получить желаемое. Из-за него появилась коррупция и несправедливость. Он ни во что не ставит человеческую жизнь, расправляясь со всеми неугодными. Пытаясь что-то исправить, Робин случайно знакомится с Шервудскими Разбойниками, которые уже давно намериваются изменить ситуацию. Умелый воин Маленький Джон становится для Локсли наставником. Он учит его стрелять из лука и правильно сражаться. Так на свет рождается Робин Гуд, самый известный вор и борец за справедливость в истории. Локсли продолжает вести светскую жизнь, всем своим видом демонстрируя, что он всего лишь избалованный богач, которому нет дела до простых людей. Но в остальное время он надевает костюм и маску и становится Робин Гудом – последней надеждой простого народа. Его миссия – украсть как можно больше денег у шерифа Ноттингема и раздать их нуждающимся, тем самым лишив тирана власти. Ему удаётся несколько раз ускользнуть от стражи и проделать трюк с кражей денег. Но на его поиски бросают все силы. Ситуация осложняется ещё и тем, что Робин влюбляется в супругу своего сводного брата, и девушка отвечает ему взаимностью. ', 116, 'Робин Гуд: Начало', 2018);
INSERT INTO movie_friend_schema.movie (movie_id, description, time_length, title, issue_year) VALUES (483, 'Фердинанд – очень большой и на первый взгляд грозный бык. Но, несмотря на свои размеры и огромную силу, на самом деле он самое добродушное и миролюбивое существо во всей Испании. В то время как другие быки бодаются между собой, пытаясь выяснить, кто из них сильнее, наш герой сидит на лужайке, наслаждается природой и просто радуется жизни. Грозная внешность отпугивает окружающих от Фердинанда, и почти все считают его страшным зверем. Но одной девочке удаётся рассмотреть его внутреннюю красоту. В итоге они становятся лучшими друзьями. До последнего время жизнь миролюбивого быка была счастливой и беззаботной, но всё изменила простая случайность. Отбирая кандидатов для участия в бое быков, Фердинанда из-за его внушительных размеров принимают за одного из самых перспективных бойцов. Его отсылают в Мадрид, где он на глазах у многотысячной публики должен будет участвовать в боях. Проблема заключается лишь в том, что Фердинанд никогда не дрался и совершенно не знает, как это делается. Ему придётся пройти небольшой курс обучения и научиться быть страшным, чтобы никому и в голову не пришлось с ним драться. Оказавшись в непростой ситуации, герой попытается отстоять свои убеждения и донести до окружающих, что не стоит о ком-то судить только по его внешнему виду. ', 106, 'Фердинанд', 2017);
INSERT INTO movie_friend_schema.movie (movie_id, description, time_length, title, issue_year) VALUES (484, 'В 2045 году мир погрузился в хаос, а большинство людей живёт за чертой бедности. Единственным утешением и развлечением для людей становится виртуальный мир OASIS. Это огромная виртуальная вселенная, в которой можно стать буквально любым человеком и поучаствовать в захватывающих приключениях. Именно в этом мире проводит большую часть времени простой парень по имени Уэйд Уоттс. Отец дал ему это имя по той причине, что оно похоже на супергеройское, но сам парень далёк от того, чтобы быть спасителем человечества. Вместо решения реальных проблем, он пытается чего-то добиться в виртуальном мире, в котором он хоть что-то значит. Однажды эксцентричный миллиардер и создатель OASISа Джеймс Холлидэй оставляет предсмертное послание, в котором сообщает всем, что оставил внутри игры хорошо спрятанную «пасхалку». Тот игрок, который первым сможет её отыскать, получит не только огромнейшее состояние в размере 500 миллиардов, но и будет полностью контролировать OASIS. Человек, контролирующий это место, получит практически безграничную власть, поэтому за главный приз начинается нешуточная борьба, в которую вступает могущественная корпорация. Она делает всё возможное, чтобы победить в игре и найти «пасхальное яйцо». Но к всеобщему удивлению лидером соревнований становится никому не известный Уэйд Уоттс. Парень, начиная бороться за главный приз, и представить себе не мог, к каким последствиям это приведёт. Теперь ему угрожает опасность не только в виртуальном мире, но и в реальности. ', 102, 'Первому игроку приготовиться', 2018);
INSERT INTO movie_friend_schema.movie (movie_id, description, time_length, title, issue_year) VALUES (485, 'Талантливый магический зоолог, любитель приключений и выпускник Хогвартса Ньют Саламандер не так давно сумел разоблачить могущественного волшебника Грин-де-Вальда. Злодей долго разрабатывает свой коварный план, и заточение является для него лишь временной преградой. Без особых проблем Грин-де-Вальд сбегает из тюрьмы и собирает вокруг себя целую армию приспешников, подавляющее большинство которых и не догадывается о его настоящей цели. На самом деле злой маг хочет не просто возглавить весь волшебный мир, но и подчинить себе маглов. Он задумал стать самым могущественным человеком на планете, и он близок к реализации этого плана.  Понимая всю опасность происходящего, директор Хогвартса Альбус Дамблдор обращается за помощью к одному из лучших своих выпускников – Ньюту Саламандру. Ему один раз уже удалось остановить Грин-де-Вальда, и теперь он должен сделать это снова. В противном же случае вся история может иметь печальный конец. Магический мир буквально на глазах разваливается на части, и Ньют становится единственным, кто может исправить ситуацию. Но выиграть в этой войне в одиночку невозможно, поэтому Саламандер обращается за помощью к своим старым друзьям, которые и не подозревают, какие удивительные, непредсказуемые и в то же время опасные приключения ждут их впереди. ', 125, 'Фантастические твари: Преступления Грин-де-Вальда', 2018);
INSERT INTO movie_friend_schema.movie (movie_id, description, time_length, title, issue_year) VALUES (486, 'Опытная команда спасателей Малибу всегда готова прийти на помощь тем, кто в этом нуждается. Они настоящие стражи пляжа, которые стараются не допускать никаких инцидентов и помогать всем людям, попавшим в беду. Однако в последнее время спасатели переживают непростые времена, ведь им серьёзно урезают финансирование. Пытаясь исправить ситуацию, руководство принимает необычное решение пригласить в команду известного человека, который сможет привлечь к спасателям должное внимание. В итоге таким человеком становится молодой талантливый пловец и дважды обладатель золота Олимпийских игр Мэтт Броди, который за своё ужасное поведение был исключён из сборной. Для Мэтта работа спасателем – шанс показать, что он может исправиться и быть вполне нормальным человеком. Он относится к работе легкомысленно и не воспринимает всё всерьёз. Это очень не нравится его наставнику Митчу Бьюкеннону, который любит свою работу и искренне переживает за свой пляж. Первое время отношения героев складываются не лучшим образом, но им приходится объединить силы в борьбе с общим врагом. Происходят страшные преступления, в том числе убийства. Стоит за всем этим опасный человек, который собирается прибрать к своим рукам весь пляж. Помешать ему могут только отважные спасатели Малибу. ', 121, 'Спасатели Малибу', 2017);
INSERT INTO movie_friend_schema.movie (movie_id, description, time_length, title, issue_year) VALUES (487, 'Итану Ханту приходится рисковать жизнью постоянно, но работа агента к этому обязывает. Сложные задания, невероятные операции, обо всем известно узкому кругу лиц. Мирное население не догадывается, как достигается спокойствие, стабильность во всем мире. Агенты под прикрытием работают в каждом городе, стране. На этот раз новая масштабная угроза, ее отголоски коснутся всей планеты. Компромисс со стороны дипломатов и политиков не достигнут, официальные лица расписались в своей беспомощности. Открыто в этом никто не признается, на дело выпускаются специально обученные бойцы. Им не привыкать исправлять чужие ошибки, достигать порядка, прислушиваться к мнению соглядатаев. Они беспрекословно выполняют приказы, не забывая про секретность. Главным в отряде считается Итан Хант. Если предыдущие агенты не справляются с поставленными задачами, то ему по плечу любое дело. Многолетняя практика не лишила его эмоций, чувств. Он прекрасно помнит дело, когда отряд сотрудников спецорганизации отправился в Прагу на поимку «крота». Тогда погибла вся группа за исключением его. Он попал под подозрение, поэтому пришлось восстанавливать собственную репутацию. Другая невыполнимая миссия помогла спасти планету от распространения смертельного вируса. Собственная свадьба оказалась под угрозой срыва, ведь невеста похищена, а от агента требуется совершить предательство. На этот шаг он не согласен, и одна миссия тянет за собой другую. Когда-то он предотвратил взрыв Кремля, сумел выловить предателя Кобальта, предотвратить покушение на собственную жизнь со стороны изгоев. На этот раз угроза исходит от Синдиката, желающего установить на планете собственное господство. Серия за серией совершаются теракты, виновные лица не найдены, погибли сотни невинных людей. Операция спасения уже запущена, Итан Хант готов к новым головокружительным трюкам. ', 147, 'Миссия невыполнима 6: Последствия', 2018);
INSERT INTO movie_friend_schema.movie (movie_id, description, time_length, title, issue_year) VALUES (488, 'Князь Киевский решил назначить наследника престола, только вот незадача - кто это может быть? Родственник, друг семьи или может быть, заморская принцесса? Недолго думая, Князь-батюшка выбирает почти принцессу, а главное родственницу - племянницу Забаву. Нынче она вместе со своим мужем Елисеем (помните верного ученика Добрыни Никитича?) получает образование в далеком Царьграде, где правит коварный Василевс. Чтобы вернуть наследницу на родные просторы за тридевять земель в спешном порядке отправляются три богатыря и, конечно же, главный придворный конь Юлий. ', 72, 'Три богатыря и Наследница престола', 2018);
INSERT INTO movie_friend_schema.movie (movie_id, description, time_length, title, issue_year) VALUES (489, 'Цивилизация подвергается наступлению агрессивного мистического существа. Обычный день заканчивается катастрофой для человечества, вынужденного спасаться от собственных страхов. Чудовище, которое рыщет по планете, принимает формы жутких кошмаров, пугающих людей. Стоит однажды посмотреть на жуткое видение — и обреченный очевидец немедленно погибает. Беременная женщина сооружает «Птичий короб» для попугаев, чтобы наблюдать за реакцией пернатых на окружающие события. Бедняжка недавно потеряла близкого человека, потому остерегается сближаться с другими выжившими. Группа, к которой примкнула беглянка, обитает в просторном доме. Вынужденные союзники пытаются уберечься от внешней угрозы. Но зло проникает в обитель через компьютер, постоянно заглядывает в окна и постепенно уничтожает членов компании. За 5 лет большинство соратников погибает, а под опекой дамы оказываются двое детей. Здоровье малышей — главная ценность одинокой страдалицы. Пережитые испытания не позволяют смелой особе опустить руки. Защитница узнает о существовании отдаленной коммуны, где каждому гарантированы покой и безопасность. Ради призрачного шанса на спасение настоящая мать жертвует нынешним пристанищем и отправляется в незнакомый край вместе с маленькими спутниками и птицами. ', 124, 'Птичий короб', 2018);
INSERT INTO movie_friend_schema.movie (movie_id, description, time_length, title, issue_year) VALUES (490, 'После событий первой части суперсемейка использует завышенным интересом со стороны корреспондентов. Нежданно оказывается, что обаятельная Миссис Необыкновенная еще лучше выглядит на экране телевизора, чем её муж. Мистеру Исключительному все чаще приходится сидеть дома и приглядывать за детьми, у каждого из которых есть свои причины быть недовольным собственными суперспособностями. Однако семейным проблемам предстоит отступить на второй план, когда окажется, что спокойствию Суперсемейки угрожает новый могущественный враг. ', 118, 'Суперсемейка 2', 2018);
INSERT INTO movie_friend_schema.movie (movie_id, description, time_length, title, issue_year) VALUES (491, 'Разведывательное управление американское имеет весьма обширную агентурную сеть, раскинувшую своих сотрудников повсюду, не забыв самые отдаленные и экзотические уголки необъятной планеты. Одному специальному агенту приходится проходить службу в жаркой Индонезии, где морские волны омывают песчаное побережье, а местные земледельцы возделывают рисовые плантации, выращивают знаменитый кофе и всевозможные фруктовые культуры. Здесь процветает, как и в регионах многих, коррупция, захватившая чиновничий аппарат на всех уровнях. Многие авторитетные личности, вызывают большие сомнения в собственной благонадежности. Подрывная деятельность, ведущаяся подозрительными людьми, занимающими ответственные посты, несомненно, угрожает соблюдению установленных принципов свободы и правовой стабильности в государстве. После обработки разведывательных данных, становится очевидным существование заговорщиков, стремящихся свергнуть нынешнюю власть. Найден надежный свидетель, способный разоблачить назревающий заговор, безопасность которого остается под угрозой, пока он на территории архипелага находится. Особому агенту поручено доставить ценного информатора невредимым в местный аэропорт, чтобы благополучно отправить в Америку. Расстояние спецагенту вместе с подопечным предстоит преодолеть значительное. Повсюду подстерегают большие опасности, угрожающие жизни путешественников, оказавшихся в очень сложной ситуации, где никому нельзя доверять, нужно лишь надеяться на собственные силы и профессионализм. Операцию необходимо любой ценой завершить с положительным результатом, на возможные не поддаваясь провокации и угрозы. ', 94, '22 мили', 2018);
INSERT INTO movie_friend_schema.movie (movie_id, description, time_length, title, issue_year) VALUES (492, 'Молодость — пора прекрасная и одновременно опасная, поскольку наполнена неконтролируемыми эмоциональными всплесками, сменой настроений и убеждений. Именно в возрасте юном люди совершают массу необдуманных поступков, рискованных, о которых сожалеть оставшуюся приходится жизнь. Однажды группа подростков окажется в непростых обстоятельствах, подтолкнувших ребят на организацию действий по свержению существующего правительства. Необычная история происходит на американских территориях. Всем несовершеннолетним гражданам проводят плановую вакцинацию, вводя под этим предлогом весьма опасный, не апробированный препарат, имеющий побочные воздействия неизвестные на неокрепший организм детский. После масштабной, экспериментальной операции почти все дети, восемнадцатилетия не достигшие, умирают от воздействия вакцины. Будущее всей нации оказалось под смертельной угрозой, теперь некому продолжать род. Некоторым ребятам удалось выжить, с трудом перенеся сильнейшее воздействие смертоносной прививки, унесшей жизни миллионов невинных людей. Их помещают в специализированные лагеря, где проводят мучительные, бесчеловечные опыты над юными подопечными. Оказалось, что невообразимым способом у них появились сверхчеловеческие способности, которые правительство намеревается использовать в вооруженных конфликтах. Оценившие здраво нелицеприятную ситуацию подростки организуют побег, сформировав впоследствии отряд сопротивления. Они планируют отомстить своим мучителям и убийцам невинных детей, используя имеющиеся сверхспособности. Их положение усложняется неопытностью, не позволяющей предугадать действия взрослых, опытных противников. ', 105, 'Тёмные отражения', 2018);
INSERT INTO movie_friend_schema.movie (movie_id, description, time_length, title, issue_year) VALUES (493, 'Кинофильм базируется на настоящих событиях, произошедших в начале кровопролитной Второй мировой войны. В проекте создания кинофильма приняли роль некоторое количество стран – США, Великобритания, Франция, Нидерланды. События кинокартины предоставляют свое начало во Французском городе Дюнкерке 1940 года. Это место послужило западней военным, участвовавшим в «Дюнкерской операции», со временем ее стали называть операцией «Динамо». Более трехсот тысяч солдат Великобритании оказались в ужаснейшей ловушке. События происходили близ французского порта, военные оказались зажатыми в тиски между землей с надвигающейся многочисленной армией противника и бескрайними водами Северного моря. Солдатам не оставалось ничего, как бороться до последнего, авиация все никак не появлялась, все ждали, когда бомбардировщики придут на помощь, но все было безуспешным. В горькие минуты, когда ослабленные военные стали терять последнюю надежду на спасение, произошло настоящее чудо. Из просмотра кинокартины «Дюнкерк» на нашем сайте вы узнаете о доблести людей, прошедших через многое ради победы, и о невероятном спасении солдат английской армии. Многие из них пали в неравном бою, многие потеряли конечности, став беспомощными инвалидами, а лишь некоторые вернулись домой здоровыми и невредимыми телом, но не душой, так как она искалечена ужасом войны, они и по ныне помнят о тех суровых днях Второй мировой, войны невиданных масштабов, в которой участвовал весь мир - 62 государства из 73 существовавших на тот момент независимых государств. В этом бессмысленном жесточайшем поединке погибло около 70 миллионов человек. ', 106, 'Дюнкерк', 2017);
INSERT INTO movie_friend_schema.movie (movie_id, description, time_length, title, issue_year) VALUES (494, 'Талантливые музыканты подыскивают вокалиста, способного запомниться слушателям. Скромный парень вызывается на прослушивания в коллектив. Звучный вокал привлекает участников группы Queen. Вскоре коллеги замечают необычную харизму солиста, который стильно двигается и приковывает внимание аудитории к сценическому действу. Постепенно единомышленники подходят к созданию хита «Богемская рапсодия» и прочих культовых произведений. Фредди постоянно требует от соратников новшеств. Неожиданные ритмичные вставки, интересные звуковые вкрапления помогают артистам создавать нечто новое. Меняя представления публики о музыке, вокалист раскрывается в творческом полете. Стремительный взлет сопровождается редкими разногласиями. Вскоре доверенные лица предлагают яркой знаменитости покинуть коллектив. Группа потеряет звезду, но отщепенец сможет засиять в сольной карьере и преумножить свой успех. Интригующий прыжок в неизвестность заканчивается двойными потерями — для самого беглеца и его брошенной музыкальной свиты. Воссоединение происходит триумфально — в феерическом туре ансамбля и грандиозном концерте, который становится знаменательной вехой в мировой истории музыки. Полученное накануне выступления заключение о заболевании СПИДом не мешает выдающемуся артисту совершить очередной прорыв. ', 134, 'Богемская рапсодия', 2018);
INSERT INTO movie_friend_schema.movie (movie_id, description, time_length, title, issue_year) VALUES (495, 'Талантливый и успешный нейробиолог Уилл Фостер добился больших успехов в одном крупном и очень важном проекте. При этом он находит время не только на науку, но и на свою семью. Герой больше всего на свете любит свою красивую супругу Мону и трёх своих прекрасных детей. Его жизнь складывается просто замечательно, поэтому он и представить себе не мог, что в одно мгновенье всё может кардинально измениться. Семья попадает в автомобильную катастрофу, в которой чудом выжить удаётся лишь Уиллу. Но в трагедии он теряет всех, кого любил и ради кого жил. Единственный способ всё исправить – использовать науку так, как это не делал ещё никто. Нарушая закон, моральные устои и саму природу человека, Уилл с помощью друга Эда делает репродукцию своей семьи. Он использует технологию переноса сознания и клонирования. В итоге герою удаётся создать точную копию своей семьи, при этом Мона и дети даже не догадываются, что на самом деле являются лишь клонами. Уилл старается вести нормальную жизнь и не вызывать подозрений у жены. Но однажды правда всплывает на поверхность, и это грозит ужасными последствиями. Семья учёного вновь оказывается в большой опасности, и он намерен сделать всё возможное, чтобы снова её не потерять. ', 107, 'Репродукция', 2018);
INSERT INTO movie_friend_schema.movie (movie_id, description, time_length, title, issue_year) VALUES (496, 'Много лет назад весь мир подвергся атаке огромных монстров, которые периодически стали приходить из океанских глубин и нападать на крупные города. Для своей защиты людям пришлось создать гигантски роботов. Егеря созданы таким образом, что управлять ими могут лишь два пилота одновременно, при этом между ними должна быть установлена нейронная связь. Чем лучше эта связь, тем больше шансов одолеть монстра. Со временем появления Кайдзю участились, и их не остановила даже огромная стена. Люди сошлись чудовищами в ожесточённой схватке и ценою тысяч жизней смогли не только одержать победу, но и разрушить портал. С тех пор прошло уже немало времени, егеря стали обыденным явлениям, а люди постепенно начали забывать о прошлых событиях. Несмотря на долгое отсутствие Кайдзю, появляются новые пилоты, которые готовятся к возможным будущим сражениям. Одним из смельчаков оказывается выросший сын маршала Пентекоста. Он великолепно проходит обучение и показывает просто невероятные результаты. В это же время открывается новый портал в другое измерение, и на этот раз человечество подвергается атаке ещё более злобных, больших и опасных Кайдзю. Их единственная цель – уничтожить всё на своём пути. Грядёт новое противостояние людей и гигантских чудовищ. ', 102, 'Тихоокеанский рубеж 2', 2018);
INSERT INTO movie_friend_schema.movie (movie_id, description, time_length, title, issue_year) VALUES (497, 'После всех пережитых в последнее время событий бесследно исчезает Оптимус Прайм. Автоботы, оставшись без предводителя, оказываются в непростой ситуации, ведь неизвестная могущественная организация открывает на них охоту. Несмотря на неоднократное спасение человечества, Автоботы выставляются врагами, как и недавний герой Кейд Йегер. Из тех, кто спас Землю, они в одночасье превращаются в главных врагов планеты. Человечество вновь оказывается в смертельной опасности, и помочь ему могут лишь избранные. Собирается необычная команда, которая состоит из Бамблби, Кейда Йегера и ещё нескольких неожиданных помощников. Героям предстоит отправиться навстречу опасным приключениям и узнать шокирующую тайну прошлого Земли. Как выясняется, трансформеры уже много лет вмешиваются в историю человечества, меняя ход воин и событий. И загадочное прошлое каким-то образом связано с тем, что происходит сейчас. Кейду Йегеру предстоит ещё раз рискнуть всем и попытаться спасти планету. Ему вместе с Бамблби и другими помощниками придётся бросить вызов противнику, который намного сильнее их. Смогут ли герои проявить мужество, упорство и преданность своему делу? Впереди планету ждёт очередная глава кровавого противостояния людей и трансформеров. ', 149, 'Трансформеры 5', 2017);
INSERT INTO movie_friend_schema.movie (movie_id, description, time_length, title, issue_year) VALUES (498, 'Маленький мальчик долгое время дружил с необычными обитателями сказочного леса и пережил с ними множество удивительных, незабываемых приключений. Время шло, юный мечтатель повзрослел, превратившись во взрослого мужчину, сумевшего благополучно обустроить собственное существование. Молодой человек обзавелся семьей, приобрел интересную профессию, нашел подходящую работу, позволяющую обеспечивать нормальную жизнь любимым домочадцам. Он умел эффективно совмещать профессиональные интересы с семейными, оказывая достаточно внимания близким людям. Повзрослевший Кристофер Робин давно перестал вспоминать о необычных эпизодах из увлекательного детства, проведенного в кругу забавных, плюшевых приятелей. Детская, беспечная пора осталась далеко позади, уступив место монотонным будням, где не осталось романтики и беззаботности. Вероятно оставшийся остаток жизни Робин прожил бы однообразно, без особенных происшествий и эмоциональных всплесков, но приятная случайность все изменила. Однажды он совершенно непредвиденно встретился с другом-медвежонком, о котором давно перестал думать, откинув детские, наивные воспоминания в дальний закоулок памяти. Винни-Пух своим присутствием вновь разбудил забытые чувства. Он рассказал о собственной жизни после ухода Кристофера. Старинные приятели очень скучают за ним и сожалеют об отсутствии возможности прежнего общения. Сейчас у них возникли большие неприятности, вынудившие друга-мишку поспешить за помощью к взрослому мужчине, способному разрешить внезапно возникшие проблемы. Не раздумывая слишком долго, Робин отменяет срочные дела и отправляется в Стоакровый лес навстречу новым, волшебным приключениям. ', 104, 'Кристофер Робин', 2018);
INSERT INTO movie_friend_schema.movie (movie_id, description, time_length, title, issue_year) VALUES (499, 'Приматолог Дэвис Окойи предпочитает держаться подальше от людей и дружит с Джорджем, удивительно умным альфа-самцом - гориллой, которого он воспитывал с самого рождения. Но вышедший из-под контроля генетический эксперимент превращает послушную обезьяну в яростного монстра. Более того, вскоре обнаруживается, что существуют и другие модифицированные хищники. Пока свежесозданные чудовища превращают в руины Северную Америку, стирая с лица Земли все, что попадается у них на пути, Окойи вместе с опальным генным инженером пытается изобрести антидот, прорываясь по бесконечному полю боя не только, чтобы предотвратить глобальную катастрофу, но и спасти бесстрашное существо, которое когда-то было его другом. ', 102, 'Рэмпейдж', 2018);
INSERT INTO movie_friend_schema.movie (movie_id, description, time_length, title, issue_year) VALUES (500, 'В прошлом Доминика Егорова была подающей большие надежды балериной, но её карьера прервалась из-за тяжёлой травмы. Однажды девушке предложили подработку, на которую она согласилась. В итоге она оказалась в школе «воробьёв». Воробьями называют секретных агентов, которые используют свой ум и внешность, чтобы обольстить нужного человека, а после этого устранить его или выведать всю необходимую информацию. Доминика прошла долгое и тяжёлое обучение, во время которого её учили быть другим человеком, не прислушиваться к своим чувствам и всегда сохранять холодную голову. Героиня просто блестяще прошла все испытания и даже сумела стать лучшим «воробьём». Некоторые даже считают её самым опасным и умным агентом за всю историю службы. Доминика с лёгкостью справляется со всеми заданиями, и она без особых проблем может соблазнить любого мужчину, расположив его к себе. Однажды героине поручают новое важное задание – она должна вывести на чистую воду молодого агента ЦРУ Натаниэля Нэша, работающего в России под прикрытием. Для этого Доминика сближается со своей целью и даже заводит с ним романтические отношения. Но она и заметить не успевает, как начинает влюбляться в свою жертву. Сам же Натаниэль изо всех сил пытается убедить её, что он единственный человек, которому она может доверять. Отношения между героиней и агентом ЦРУ ставят под угрозу их жизни, а также нарушают спокойствие на мировой арене. ', 140, 'Красный воробей', 2018);
INSERT INTO movie_friend_schema.movie (movie_id, description, time_length, title, issue_year) VALUES (501, 'Простой подросток Джейк Чемберс в последнее время видит очень странные сны, в которых фигурируют пустынный мир, некий стрелок, Темная башня и Человек в чёрном. Все это кажется окружающим полным бредом, но сам парень верит в существование того, что он видит. Однажды Джейк переносится в другой мир, где знакомится с последним представителем ордена стрелков молчаливым Роландом Дискейном. Когда-то подобных ему было много, но все они погибли от рук жестокого и могущественного Человека в чёрном, который владеет магией и может делать удивительные вещи.  Злодей намеривается уничтожить Тёмную башню, которая сохраняет баланс в мирах и защищает их от уничтожения. Если она будет уничтожена, то наступит хаос и погибнут миллионы людей. Роланд Дискейн единственный, кто может помешать этому. Вместе с Джейком они отправляются в опасное и непредсказуемое путешествие, чтобы бросить вызов непобедимому врагу. Теперь только они могут остановить Человека в чёрном и не дать ему разрушить то, что уже тысячелетия сдерживает порядок сразу в нескольких мирах. Стрелка и его нового помощника ждут удивительные приключения и встреча с самым опасным из всех возможных врагов. ', 95, 'Тёмная башня', 2017);
INSERT INTO movie_friend_schema.movie (movie_id, description, time_length, title, issue_year) VALUES (502, 'С первого взгляда можно решить, что Ваканда - обычная территория одичавшей Африки, но это не так. Тут, в недрах пустынных земель, утаиваются залежи неповторимого металла, способного поглощать вибрацию. Многие пробовали добраться до него, разоряя всё на своём пути и принося смерть аборигенам, но каждый раз таинственный дух саванны - Чёрная Пантера - вставал на защиту угнетённых. Спустя много лет беда опять приходит в Ваканду, и в этот раз враг заручился поддержкой современных технологий. Когда шансов почти не остаётся, Т`Чалла, молодой принц Ваканды, узнаёт, что именно ему предстоит возродить легенду и продолжить вечную борьбу, надев маску Чёрной Пантеры. ', 102, 'Чёрная Пантера', 2018);
INSERT INTO movie_friend_schema.movie (movie_id, description, time_length, title, issue_year) VALUES (503, 'В прошлом Джонни Инглиш был первоклассным секретным агентом на службе Её Величества. Несмотря на свои странности и талант попадать в нелепые ситуации на ровном месте, он со свойственной ему элегантностью выполнял самые опасные и сложные задания. Каждый раз герой оказывался на грани провала, но ему каким-то чудом удавалось выйти победителем из противостояния с любым противником. Но всё это осталось в прошлом, ведь теперь Джонни уже давно отошёл от дел и является самым обыкновенным гражданским человеком. Он и не думает, чтобы вернуться на службу, но однажды Великобритания вновь обращается к нему за помощью. Неизвестный хакер сумел взломать хорошо охраняемую правительственную систему и рассекретить всех агентов. Из-за этого на службе не осталось ни одного действующего агента, поэтому руководство секретной организации и принимает решение обратиться за помощью к Инглишу, который ещё не успел растерять своих навыков. Перед Джонни и его верным помощником стоит задача найти хакера, причастного к кибератаке. Но сделать это оказывается очень непросто, ведь герой очень далёк от современных технологий. Ключом к разгадке становится загадочная красотка, с которой у Джонни складываются непростые отношения. ', 85, 'Агент Джонни Инглиш 3.0', 2018);
INSERT INTO movie_friend_schema.movie (movie_id, description, time_length, title, issue_year) VALUES (504, 'Фильм «Веном» рассказывает удивительную историю появления заклятого врага известного и любимого многими человека – паука. Но это не фильм об очередном противостоянии двух людей, наделенных супервозможностями. Это совсем другая история. Веном – это инопланетное вещество, которое попадает на нашу планету в форме дезоксирибонуклейновой кислоты (ДНК). Самостоятельно существовать и развиваться оно не может, необходима оболочка, которая позволит Веному уничтожить Землю. ДНК проникает в тело журналиста Эдди Брока. ДНК способна уничтожить все, что есть человеческого внутри Эдди. Начинается продолжительная борьба между Человеком и Вселенским злом.В фильме присутствует внутренняя психологическая борьба обычного человека и Зла, которое способно дать суперспособности, но уничтожить личность.Чем закончится эта борьба? И почему противостоять ей практически нереально? Зачем понадобился еще один герой, который вмешается в эту борьбу? ', 140, 'Веном', 2018);
INSERT INTO movie_friend_schema.movie (movie_id, description, time_length, title, issue_year) VALUES (505, 'Нил Армстронг с раннего детства грезил небом. Все его мечты были связаны с полётами, поэтому ещё в юности он знал, чем будет заниматься, когда вырастит. Нил стал военным лётчиком, прошёл сложнейшую подготовку и всегда показывал выдающиеся результаты. Став лучшим практически во всём, чем он занимался, Нил решил пройти конкурс и стать астронавтом. В итоге его удалось обойти ещё порядка 250 претендентов, которые тоже хотели занять это место. Он совершил удачный полёт в космос и тем самым исполнил свою мечту. Но неожиданно Армстронгу предоставляется возможность не просто исполнить свою мечту, а навсегда вписать своё имя в историю Земли.  Запускается программа по высадке первого человека на поверхность Луны. Никто не верит, что это возможно, но в самом разгаре космическая гонка, и НАСА сделает всё возможное, чтобы обойти Советский Союз. Нила назначают командиром экипажа космического корабля «Аполлон-11», который должен совершить высадку на Луну. Идёт продолжительная и изнурительная подготовка, во время которой героя испытывают всеми возможными способами. Однако он доказывает, что является стойким и хладнокровным человеком, а также прирождённым лидером. Когда Нил вместе с двумя коллегами отправляется в космос, чтобы выполнить одну из самых сложных и опасных миссий в истории человечества, за них переживают все люди, оставшиеся на Земле. ', 141, 'Человек на Луне', 2018);
INSERT INTO movie_friend_schema.movie (movie_id, description, time_length, title, issue_year) VALUES (506, 'Румынию поразило проклятье. Произошло необычное самоубийство и общественность обсуждало это на каждом шагу. Полицейские были в шоке от того что случилось в святыне святых. Убиенная служительница монастыря знала, что лишить себя жизни взять на душу большой грех. Никто и подумать не мог что служитель Господа сможет сделать это. Ватикан не остался в стороне и отправил на расследование громкого происшествие священника Берка с послушницей которая пока не стала монахиней.  Ранее Берк видел страшные события и думал, что его ничем нельзя удивить. Но, то с чем он столкнулся, повергло его в ужас. Казалось, что и его вера в лучшее скоро пропадет. В обители поселилось зло, скрывающееся одев черное одеяние настоятельницы. Ему необходимо собрать все души что обитают в церкви. Устраивайтесь поудобнее и начинайте фильм Проклятие монахини смотреть онлайн бесплатно в хорошем качестве. ', 96, 'Проклятие монахини', 2018);
INSERT INTO movie_friend_schema.movie (movie_id, description, time_length, title, issue_year) VALUES (507, 'Глубоководный батискаф, осуществляющий наблюдение в рамках международной программы по изучению подводной жизни, был атакован огромным существом, которое все считали давно вымершим. Неисправный аппарат теперь лежит на дне глубочайшей впадины Тихого океана... с оказавшимся в ловушке экипажем. Их время на исходе. Китайский океанограф-новатор вопреки желанию своей дочери Сюин зовет спасателя-подводника Джонаса Тейлора, чтобы тот помог спасти команду - и океан - от невиданной угрозы - доисторической 23-метровой акулы, мегалодона. Никто и подумать не мог, что много лет назад Тейлор уже сталкивался с этим чудовищным созданием. ', 113, 'Мегалодон: Монстр глубины', 2018);
INSERT INTO movie_friend_schema.movie (movie_id, description, time_length, title, issue_year) VALUES (508, 'Фильм является продолжением криминального экшена  , в свою очередь основанного на одноимённом американском телесериале, который транслировался с 1985-го по 1989-й годы на канале «CBS». На этот раз бывшему агенту ЦРУ Роберту Макколлу, который непоколебимо служит делу справедливости, защищая униженных и оскорблённых, предстоит вновь вернуться к своей непростой миссии. Но как далеко сможет зайти бесстрашный виджиланте, когда злодеи решат отомстить Макколлу, навредив дорогому ему человеку? ', 103, 'Великий уравнитель 2', 2018);
INSERT INTO movie_friend_schema.movie (movie_id, description, time_length, title, issue_year) VALUES (509, 'Американский боевик рассказывает про бывшего военного. Ему довелось поучаствовать в целом ряде боевых операций. Они, в свою очередь, привели к смерти сотен людей. В результате погибли не только американцы, но и соотечественники главного героя, которые были вьетнамцами. По завершении военной карьеры его ожидал тюремный срок. Как только главный герой освобождается, он решает переехать в Гонконг. Здесь ему предстоит начать новую жизнь. Он хочет, чтобы в его жизни больше никогда не имели место смерти. Но у жизни оказываются свои планы. Мужчина садится на корабль, сопровождаемый своими близкими. Все вместе они планируют совершить переезд. Внезапно на это судно нападает банда пиратов. В качестве своей мишени пираты выбирают 2 старших дочерей главного героя. Они подвергаются сексуальному насилию, после чего их убивают. Этот трагический случай заставляет мужчину пересмотреть свои взгляды. Он забирает свою жену и младшую дочь в Лондон, подальше от Азии, которая превратилась в ненавистный для него континент. Обосновавшись на новом месте жительства, герой решает открыть свой ресторан. Здесь он предлагает посетителям попробовать тайскую кухню. Присутствие единственного ребенка помогает ему потихоньку забыть о пережитом несчастье. Однако в дальнейшем жена и младшая дочь также будут подвергнуты серьезному испытанию. Больше всего в этой ситуации огорчит героя то, что английские власти будут бездействовать ', 114, 'Иностранец', 2017);
INSERT INTO movie_friend_schema.movie (movie_id, description, time_length, title, issue_year) VALUES (510, 'Последнее время Дракула совсем загрустил от одиночества, и поэтому его дочь, Мэвис уговаривает отца отправиться в круиз. В итоге герой и его друзья попадают на шикарный лайнер с множеством развлечений. Капитаном корабля является загадочная и прекрасная Эрика, в которую граф влюбляется с первого взгляда. Однако Мэвис не нравится новая пассия отца. И не зря, ведь Эрика оказывается правнучкой самого Ван Хельсинга – главного врага всех вампиров и монстров. ', 97, 'Монстры на каникулах 3: Море зовёт', 2018);
INSERT INTO movie_friend_schema.movie (movie_id, description, time_length, title, issue_year) VALUES (511, 'Две сотни лет назад малороссийские хутора разоряла шайка нехристей-ляхов во главе с могущественным колдуном. С тех пор рыщет в окрестностях Диканьки неизвестный Чёрный Всадник, ловит молодых девушек и жестоко расправляется с ними, будто мстит за что. И следующей его жертвой может стать Лиза. Чтобы спасти возлюбленную, писарь Николай Гоголь должен разбить злые чары и победить древнее проклятье. Ни одному из смертных ещё не удавалось это, но к счастью, на помощь Гоголю приходит гениальный столичный сыщик Яков Гуро, и у него уже есть главный подозреваемый... ', 144, 'Гоголь. Страшная месть', 2018);
INSERT INTO movie_friend_schema.movie (movie_id, description, time_length, title, issue_year) VALUES (512, 'Уилл Форд ранее был главой элитного отряда ФБР, пока на одной операции он чуть не погиб. После того ужасного дня он потерял ногу, которую поменял качественным протезом. Сейчас Уилл является специалистом по безопасности. С того времени представитель сильного пола успел обзавестись семьёй, он полностью счастлив и уже вот сколько лет не прикасается к оружию. Совсем не так давно Форды стали первыми жильцами новой высокотехнологичной высотки "Жемчужина". К сожалению, здание стало лакомым кусочком для группы бандитов – они сотворили взрыв, который привёл к возгоранию нескольких этажей. Теперь на плечах Уилла лежит ответственность за жизни родных – он обязан их спасти, чего бы это ни стоило. ', 103, 'Небоскрёб', 2018);
INSERT INTO movie_friend_schema.movie (movie_id, description, time_length, title, issue_year) VALUES (513, 'Очередная часть блокбастера киновселенной Marvel вновь погрузит нас в увлекательный мини-мир Человека-муравья и расскажет захватывающую историю про Скотта Ланга и его новую напарницу Хоуп ван Дайн – дочь Хэнка Пима, представшую супергероиней Осой. В фильме тесно переплелись сразу несколько жанров: боевик, приключения и фантастика. Действие происходит в Сан-Франциско, а события разворачиваются сразу после «Гражданской войны». Освободившийся из тюрьмы для супергероев Скотт Ланг подался в бега. Как бы он ни пытался восстановить равновесие межу обязанностями супергероя и семейной жизнью, доктор Хэнк Пим срывает все старания мужчины, обратившись к нему с новой опасной и ответственной миссией. И теперь двое героев, способных уменьшаться и наделённых набором сверхспособностей, постараются вызволить мать Хоуп из квантовой реальности. Человек-муравей предстанет перед зрителями облачённым в усовершенствованный костюм, а умеющая летать Оса продемонстрирует невероятные возможности, особый боевой стиль и фантастическое оружие. ', 118, 'Человек-муравей и Оса', 2018);
INSERT INTO movie_friend_schema.movie (movie_id, description, time_length, title, issue_year) VALUES (514, '11 сентября 2001 года совершается самый страшный теракт в истории США. Правительство решает нанести незамедлительный удар по террористам, которые несут ответственность за эту ужасную трагедию. Капитан Митч Нельсон получает важное задание – отправиться со своим отрядом специального назначения и агентами ЦРУ в Афганистан, чтобы стать первой волной масштабной антитеррористической операции. На враждебной территории отряд объединяет силы с лидером Альянса генералом Абдул Рашидом Достумом. Он и его люди оказывают американским военным поддержку и становятся их проводниками. Герои отправляются верхом на лошадях через горы, чтобы добраться до города, в котором предположительно скрывается противник. Капитан Нельсон и представить себе не мог, что это задание окажется самым сложным и опасным в его жизни. Он обещал жене и дочери вернуться домой, но выполнить это обещание будет крайне непросто. В горах отряд сталкивается с превосходящими силами противника. 50 тысяч талибов и боевиков Аль-Каиды берут отряд в кольцо и начинают наступление. Героям предстоит вступить в ожесточённую схватку с противниками, каждый из которых готов погибнуть. Передовому отряду американских военных не остаётся ничего другого, кроме как обороняться в надежде на то, что они смогут выжить и вернуться домой. ', 102, 'Кавалерия', 2018);
INSERT INTO movie_friend_schema.movie (movie_id, description, time_length, title, issue_year) VALUES (515, 'По серии саги «Звездные воины» зритель давно знаком с полюбившимися героями — пилотом-контрабандистом космического корабля «Тысячелетний сокол» Ханом Соло и его верным помощником, борт-механиком Чубаккой. Фантастический фильм «Хан Соло: Звёздные Войны. Истории» рассказывает о приключениях молодого авантюриста Хана Сола, в жизни которого ждет очень много увлекательных и опасных моментов, а также историю его знакомства с Чубаккой, мастером-джедаем Оби-Ван Кеноби и Люком Скайуокером.  С малых лет Хан Соло рос в криминальной среде, а повзрослев стал матерым преступником с отличными навыками пилота, который может оторваться от любой погони. Это стало точкой отсчета в судьбе контрабандиста, на жизненном пути которого ждет невероятное множество приключений, а также встреча с любовью всей его жизни и даже борьба за будущее Галактики. ', 143, 'Хан Соло: Звёздные Войны. Истории', 2018);
INSERT INTO movie_friend_schema.movie (movie_id, description, time_length, title, issue_year) VALUES (516, 'Не так давно в парке развлечений, где каждый мог понаблюдать за жизнью динозавров, произошла настоящая катастрофа: доисторические животные вырвались наружу и стали уничтожать всё, что попадалось им на пути. Несмотря на все усилия персонала, выжить в начавшемся безумии удалось далеко не всем. Теперь же остров, где находился парк, полностью заброшен. На нём живут лишь динозавры, а люди с тех самых пор, как произошла трагедия, там больше не появлялись. Первоклассный охотник и лучший друг некоторых динозавров Оуэн Грейди получает предложение от своей старой знакомой Клэр Диринг стать членом спасательной группы. Всё дело в том, что было принято решение перевезти с острова выживших динозавров. Остров вскоре будет полностью уничтожен, и времени на спасение доисторических видов осталось совсем немного. Немного поразмыслив, Оуэн соглашается на столь безумную авантюру, ведь на острове ещё остался динозавр, которого он воспитал. Героям предстоит столкнуться с большим количеством опасностей, ведь хищники спокойно разгуливают по разрушенному парку, и им ничего не стоит убить человека. Группе необходимо действовать крайне быстро и осторожно. Вначале всё идёт по намеченному плану, но, как это часто бывает, ситуация быстро выходит из-под контроля, и спастись удастся не всем. ', 128, 'Мир Юрского периода 2', 2018);
INSERT INTO movie_friend_schema.movie (movie_id, description, time_length, title, issue_year) VALUES (517, 'Часто происходят нелицеприятные, неловкие ситуации, когда уединившейся парочке, собирающейся заняться сексом, кто-нибудь мешает в решающий момент. Именно такие подрывные действия решают организовать трое мужчин, находящихся в зрелом возрасте, воспитывающих повзрослевших старшеклассниц, заканчивающих школьное обучение. До внимания заботливых родителей однажды доходят сведения о необычных планах дочерей, намечающихся на приближающийся выпускной бал. Выяснилось, что девочки-подростки заключили совместную договоренность лишиться девственности одновременно в вечер, посвященный прощанию с детством. Естественно подобное, шокирующее известие не могло обрадовать родителей, желающих предотвратить необдуманный поступок легкомысленных девчонок, о котором они могут впоследствии сильно пожалеть. Озабоченные сложившимися обстоятельствами отцы были убеждены, что первый сексуальный опыт их дочери должны приобрести в более осознанном, взрослом возрасте. Для начала нужно встретить любимого и заботливого человека, с которым установятся красивые, романтические взаимоотношения. В данный момент в голову расстроенных родителей лезли исключительно пугающие картины, усиливающие эмоциональное напряжение и плохие предчувствия. Чтобы действовать максимально эффективно, мужчины решают объединиться и разработать общий план дальнейших действий. Они организуют поочередное дежурство на злополучном выпускном вечере, опасаясь пропустить ответственный момент, требующий незамедлительного вмешательства. Предприимчивые и решительные родственники придумали гениальную стратегию, позволяющую не допускать уединения девушек с ухажерами. ', 102, 'Секса не будет!!!', 2018);
INSERT INTO movie_friend_schema.movie (movie_id, description, time_length, title, issue_year) VALUES (518, 'действовать, когда ты жирная? Худеть, вечно сидеть на диете, заниматься фитнессом. И так долго, долго, долго. Вот и Рене то и делала, что худела ,сколько себя помнит. Она элементарно себя не принимает, свою внешность. Сколько бы люди не говорили, что главное – то, что внутри, но на самом деле внешность играет очень огромную роль в нашей жизни. Женщина просто мечтает однажды встать с утра и понять, что она топ-модель. Но вот судьба приняла решение иначе – во время очередного занятия на велотренажере, Рене упала и ударилась головой. После этого у девушки в мозгу что-то перевернулось и она начала себя считать неотразимой. Надо было только поверить в себя. Ещё бы всё окружение убедить в своей блистательности… ', 110, 'Красотка на всю голову', 2018);
INSERT INTO movie_friend_schema.movie (movie_id, description, time_length, title, issue_year) VALUES (519, 'Озорной грызун привык шастать по соседским огородам ради забавы. Смышленый гость не причиняет особого вреда хозяйским грядкам, но всегда норовит притащить домой нечто вкусное и обязательно — чужое. Старожилы квартала с ухмылкой наблюдают за проделками весельчака и даже оставляют хулигану съестные лакомства. Приезд чужака в район предвещает новые «Приключения Кролика Питера» и его любознательными друзьями. Самоуверенные лазутчики собираются опробовать морковку, спрятанную в огороде незнакомца. Внезапно на горизонте появляется мрачная фигура мстителя с лопатой. Разгневанный домовладелец собирается преподать урок незваным гостям. Малышу следовало бы отступить, но вызов, брошенный новоявленным врагом, терзает душу проныры. Искусный мастер проникновений в чужие угодья намерен расправиться со стереотипами противника. Охотник на лакомый провиант не уступает позиций и нагло пробирается в недозволенные закрома. Собратья содействуют хитрецу, поддерживает его авантюрные затеи и не отступают в изначально выбранной стези. Добросердечная соседка выступает защитницей маленьких созданий перед строгим новоселом, но примирить врагов удастся только поистине счастливому случаю. Пока же выстроенные по периметру охранные системы, припрятанные в кустах ловушки дожидаются вторжения кроличьей шайки. ', 93, 'Кролик Питер', 2018);
INSERT INTO movie_friend_schema.movie (movie_id, description, time_length, title, issue_year) VALUES (520, 'Главная героиня фильма Я худею привлекательная блондинка Аня всегда старалась соответствовать возлюбленному Жене, но делать это было непросто. Спортивный парень всегда старался привлекать к себе внимание, гордясь своим тренированным телом. А девушка тем временем каждый раз делала над собой огромные усилия, чтобы отказаться от любимой еды. Особенно непросто сладкоежке было не поглощать торты и пирожные. Такое безрассудство стремительно отражалось на фигуре барышне, что вызывало недовольство Евгения. Но выбрать между парнем и вкусностями Аня не могла, а вот спортсмен смог это сделать легко. После расставания с приятелем, девчонка первый раз всерьез задумалась относительно того, что можно изменить в своей жизни. Она решила сесть на строгую диету, но сама справиться с таким испытанием не могла. Поэтому помощь давнего друга Коли могла быть очень даже актуальной. Тем более, что юноша придерживался здорового образа жизни, обещая за короткое время привести подругу в идеальную физическую форму. Но в самом начале пути молодые люди еще не подозревали с какими трудностями и испытаниями им придется столкнуться в пути. И самым главным стало то, что Аня первый раз засомневалась в желании быть вместе с Женей. ', 102, 'Я худею', 2018);
INSERT INTO movie_friend_schema.movie (movie_id, description, time_length, title, issue_year) VALUES (521, 'Пещерный человек по имени Даг живёт в счастливом племени. Дикие люди ведут быт, охотятся и заботятся о своей безопасности. В целом их жизнь можно назвать абсолютно счастливой и беззаботной. Так было до тех пор, пока на их территорию не вторгся правитель нового народа Лорд Нуту. Он вместе с другими людьми уже давно живёт в бронзовом веке, и ему совсем не нравится, что остались ещё пещёрные люди, которые не подчиняются ему. Лорд Нуту намерен завоевать дикарей, превратив их в своих рабов. Благодаря более высокому развитию и целой армии в подчинении, для него это не составит никакого труда. Но Даг не намерен мириться с происходящим.  Герою удаётся пробраться в развитый город, где он делает для себя множество удивительных открытий. Даг знакомится с новыми технологиями и больше узнаёт о планах Туту. Злодей объявил всех дикарей вне закона, и он с уверенностью заявляет, что каменному веку пришёл конец. Однако Даг с этим нисколько не согласен, и он готов рискнуть собственной жизнью, чтобы спасти свою цивилизацию. На стороне противника численный перевес и более современное оружие. Но это не останавливает героя, и он понимает, что для победы в этой войне ему нужно объединить племя. Лишь действуя сообща, у дикарей появится шанс сохранить своё общество. ', 89, 'Дикие предки', 2018);
INSERT INTO movie_friend_schema.movie (movie_id, description, time_length, title, issue_year) VALUES (522, 'Фантастический кинофильм «Скайлайн 2» считается продолжением первой части, в которой рассказывалась история нескольких приятелей, проснувшихся опосля громкой вечеринки и заметивших, как в их окно бьют очень яркие лучи света. Внезапно они заметили, что эти лучи притягивают к себе и уносят куда-то вверх людей. После данного неясного события, кто-то пробует истребить всех остальных на планете людей. За всем этим стоят инопланетные существа, желающие уничтожить Землю. 2-ая часть фильма продолжит историю. Основным действующим лицом будет детектив Марк Корли, кой стал очевидцем пропажи тысячи людей и похищением собственного сына. Чтоб спасти сына Трента, Марк пробирается на корабль инопланетян. На этом же корабле он встречает и остальных героев из первой части: Элейн и Джерода, измученного пришельцами. Все вместе, они пробуют разрушить корабль, что приводит к его падению на центр китайской столицы. В Шанхае героев встречают китайские бойцы, которые спасают их от неминуемой гибели. Именно вместе с ними теперь им придется отбивать атаку яростных пришельцев, желающих захватить планету. Получится ли землянам победит пришельцев? Будет ли жизнь на Земле? Сдадутся ли так просто пришельцы? Хотите знать ответы на свои вопросы? Тогда начните смотреть фильм «Скайлайн 2» онлайн, именно тогда все и станет известно. ', 105, 'Скайлайн 2', 2017);
INSERT INTO movie_friend_schema.movie (movie_id, description, time_length, title, issue_year) VALUES (523, 'Новая история о противостоянии света и тьмы, добра и зла начинается после смерти Хана Соло. В Галактике, где Первый Орден и Сопротивление яростно бьются друг с другом в войне, героиня Рей разбудила в себе Силу. Но что случится, когда она встретится с единственным оставшимся в живых рыцарем-джедаем - Люком Скайуокером? Кайло Рен перешел на Темную сторону Силы и убил собственного отца, заняв высшую позицию в Первом Ордене. Но куда приведут его неуемные амбиции, подаренные по наследству грозным дедом Дартом Вейдером? Обстановка обострится еще больше, когда мать Кайло, лидер Сопротивления Лея, совместно с По, Финном и BB-8 приступит к новой миссии. ', 150, 'Звёздные войны: Последние джедаи', 2017);
INSERT INTO movie_friend_schema.movie (movie_id, description, time_length, title, issue_year) VALUES (524, 'Современный молодой столичный житель Иван давно не верит в сказки, понимая о том, что все проблемы решают деньги и связи. За свою недолгую жизнь он успел убедиться в этом много раз. Но что будет, если попасть в другую реальность, где нет обычных законов, а добро побеждает зло? Иван оказался там, где сказочные персонажи, знакомые с детства, реальны и осязаемы, как он сам. Увидев на пути старую избушку на курьих ножках, парень не поверил глазам. Поняв, что произошедшее не является розыгрышем или плодом его воображения, молодой человек начинает искать дорогу домой. Тут он узнаёт, что попал в волшебный мир не случайно. Ваня – последний русский богатырь, владеющий особой силой, которую можно использовать в борьбе со злом. Героя это по-настоящему шокирует. Прекрасная Василиса, забавная Баба-Яга и импозантный Кощей удивлены тем фактом, что защитник сказочного царства выглядит неубедительно, но что написано пером, не вырубишь топором. Согласно старинному предсказанию, именно Иван должен стать ключевой фигурой в поединке между тёмными и светлыми силами. Справится ли Ваня с возложенными на него обязанностями? ', 114, 'Последний богатырь', 2017);
INSERT INTO movie_friend_schema.movie (movie_id, description, time_length, title, issue_year) VALUES (525, 'Когда штаб-квартиры секретной службы «Kingsman» уничтожены, и весь мир оказался в заложниках у неизвестных, британские суперагенты обнаруживают, что в один день вместе с их организацией была еще создана американская разведка - «Statesman». Теперь эти две элитные спецслужбы должны объединиться и бросить вызов общему безжалостному врагу, чтобы спасти мир, то есть заняться тем, что для Эггси становится обычным делом... ', 141, 'Kingsman: Золотое кольцо', 2017);
commit;
INSERT INTO movie_friend_schema.movie_genre (movie_id, genre_id) VALUES (402, 9);
INSERT INTO movie_friend_schema.movie_genre (movie_id, genre_id) VALUES (402, 10);
INSERT INTO movie_friend_schema.movie_genre (movie_id, genre_id) VALUES (403, 11);
INSERT INTO movie_friend_schema.movie_genre (movie_id, genre_id) VALUES (404, 12);
INSERT INTO movie_friend_schema.movie_genre (movie_id, genre_id) VALUES (404, 9);
INSERT INTO movie_friend_schema.movie_genre (movie_id, genre_id) VALUES (404, 13);
INSERT INTO movie_friend_schema.movie_genre (movie_id, genre_id) VALUES (405, 9);
INSERT INTO movie_friend_schema.movie_genre (movie_id, genre_id) VALUES (405, 10);
INSERT INTO movie_friend_schema.movie_genre (movie_id, genre_id) VALUES (406, 14);
INSERT INTO movie_friend_schema.movie_genre (movie_id, genre_id) VALUES (407, 15);
INSERT INTO movie_friend_schema.movie_genre (movie_id, genre_id) VALUES (407, 9);
INSERT INTO movie_friend_schema.movie_genre (movie_id, genre_id) VALUES (408, 15);
INSERT INTO movie_friend_schema.movie_genre (movie_id, genre_id) VALUES (408, 16);
INSERT INTO movie_friend_schema.movie_genre (movie_id, genre_id) VALUES (408, 10);
INSERT INTO movie_friend_schema.movie_genre (movie_id, genre_id) VALUES (409, 9);
INSERT INTO movie_friend_schema.movie_genre (movie_id, genre_id) VALUES (409, 13);
INSERT INTO movie_friend_schema.movie_genre (movie_id, genre_id) VALUES (410, 15);
INSERT INTO movie_friend_schema.movie_genre (movie_id, genre_id) VALUES (410, 17);
INSERT INTO movie_friend_schema.movie_genre (movie_id, genre_id) VALUES (410, 9);
INSERT INTO movie_friend_schema.movie_genre (movie_id, genre_id) VALUES (410, 13);
INSERT INTO movie_friend_schema.movie_genre (movie_id, genre_id) VALUES (411, 18);
INSERT INTO movie_friend_schema.movie_genre (movie_id, genre_id) VALUES (411, 10);
INSERT INTO movie_friend_schema.movie_genre (movie_id, genre_id) VALUES (412, 9);
INSERT INTO movie_friend_schema.movie_genre (movie_id, genre_id) VALUES (413, 14);
INSERT INTO movie_friend_schema.movie_genre (movie_id, genre_id) VALUES (414, 15);
INSERT INTO movie_friend_schema.movie_genre (movie_id, genre_id) VALUES (414, 9);
INSERT INTO movie_friend_schema.movie_genre (movie_id, genre_id) VALUES (414, 13);
INSERT INTO movie_friend_schema.movie_genre (movie_id, genre_id) VALUES (414, 19);
INSERT INTO movie_friend_schema.movie_genre (movie_id, genre_id) VALUES (415, 11);
INSERT INTO movie_friend_schema.movie_genre (movie_id, genre_id) VALUES (416, 9);
INSERT INTO movie_friend_schema.movie_genre (movie_id, genre_id) VALUES (416, 11);
INSERT INTO movie_friend_schema.movie_genre (movie_id, genre_id) VALUES (416, 21);
INSERT INTO movie_friend_schema.movie_genre (movie_id, genre_id) VALUES (417, 15);
INSERT INTO movie_friend_schema.movie_genre (movie_id, genre_id) VALUES (417, 12);
INSERT INTO movie_friend_schema.movie_genre (movie_id, genre_id) VALUES (417, 18);
INSERT INTO movie_friend_schema.movie_genre (movie_id, genre_id) VALUES (418, 16);
INSERT INTO movie_friend_schema.movie_genre (movie_id, genre_id) VALUES (418, 10);
INSERT INTO movie_friend_schema.movie_genre (movie_id, genre_id) VALUES (419, 15);
INSERT INTO movie_friend_schema.movie_genre (movie_id, genre_id) VALUES (419, 16);
INSERT INTO movie_friend_schema.movie_genre (movie_id, genre_id) VALUES (420, 22);
INSERT INTO movie_friend_schema.movie_genre (movie_id, genre_id) VALUES (421, 23);
INSERT INTO movie_friend_schema.movie_genre (movie_id, genre_id) VALUES (421, 18);
INSERT INTO movie_friend_schema.movie_genre (movie_id, genre_id) VALUES (421, 22);
INSERT INTO movie_friend_schema.movie_genre (movie_id, genre_id) VALUES (421, 10);
INSERT INTO movie_friend_schema.movie_genre (movie_id, genre_id) VALUES (422, 9);
INSERT INTO movie_friend_schema.movie_genre (movie_id, genre_id) VALUES (422, 13);
INSERT INTO movie_friend_schema.movie_genre (movie_id, genre_id) VALUES (423, 14);
INSERT INTO movie_friend_schema.movie_genre (movie_id, genre_id) VALUES (424, 15);
INSERT INTO movie_friend_schema.movie_genre (movie_id, genre_id) VALUES (424, 11);
INSERT INTO movie_friend_schema.movie_genre (movie_id, genre_id) VALUES (425, 12);
INSERT INTO movie_friend_schema.movie_genre (movie_id, genre_id) VALUES (425, 9);
INSERT INTO movie_friend_schema.movie_genre (movie_id, genre_id) VALUES (425, 18);
INSERT INTO movie_friend_schema.movie_genre (movie_id, genre_id) VALUES (426, 15);
INSERT INTO movie_friend_schema.movie_genre (movie_id, genre_id) VALUES (426, 16);
INSERT INTO movie_friend_schema.movie_genre (movie_id, genre_id) VALUES (426, 9);
INSERT INTO movie_friend_schema.movie_genre (movie_id, genre_id) VALUES (426, 18);
INSERT INTO movie_friend_schema.movie_genre (movie_id, genre_id) VALUES (427, 15);
INSERT INTO movie_friend_schema.movie_genre (movie_id, genre_id) VALUES (427, 18);
INSERT INTO movie_friend_schema.movie_genre (movie_id, genre_id) VALUES (428, 15);
INSERT INTO movie_friend_schema.movie_genre (movie_id, genre_id) VALUES (428, 16);
INSERT INTO movie_friend_schema.movie_genre (movie_id, genre_id) VALUES (429, 9);
INSERT INTO movie_friend_schema.movie_genre (movie_id, genre_id) VALUES (430, 23);
INSERT INTO movie_friend_schema.movie_genre (movie_id, genre_id) VALUES (430, 11);
INSERT INTO movie_friend_schema.movie_genre (movie_id, genre_id) VALUES (430, 18);
INSERT INTO movie_friend_schema.movie_genre (movie_id, genre_id) VALUES (430, 22);
INSERT INTO movie_friend_schema.movie_genre (movie_id, genre_id) VALUES (431, 9);
INSERT INTO movie_friend_schema.movie_genre (movie_id, genre_id) VALUES (432, 9);
INSERT INTO movie_friend_schema.movie_genre (movie_id, genre_id) VALUES (432, 11);
INSERT INTO movie_friend_schema.movie_genre (movie_id, genre_id) VALUES (433, 18);
INSERT INTO movie_friend_schema.movie_genre (movie_id, genre_id) VALUES (433, 22);
INSERT INTO movie_friend_schema.movie_genre (movie_id, genre_id) VALUES (434, 11);
INSERT INTO movie_friend_schema.movie_genre (movie_id, genre_id) VALUES (435, 15);
INSERT INTO movie_friend_schema.movie_genre (movie_id, genre_id) VALUES (436, 10);
INSERT INTO movie_friend_schema.movie_genre (movie_id, genre_id) VALUES (437, 15);
INSERT INTO movie_friend_schema.movie_genre (movie_id, genre_id) VALUES (437, 12);
INSERT INTO movie_friend_schema.movie_genre (movie_id, genre_id) VALUES (437, 18);
INSERT INTO movie_friend_schema.movie_genre (movie_id, genre_id) VALUES (438, 14);
INSERT INTO movie_friend_schema.movie_genre (movie_id, genre_id) VALUES (439, 16);
INSERT INTO movie_friend_schema.movie_genre (movie_id, genre_id) VALUES (439, 22);
INSERT INTO movie_friend_schema.movie_genre (movie_id, genre_id) VALUES (440, 15);
INSERT INTO movie_friend_schema.movie_genre (movie_id, genre_id) VALUES (440, 16);
INSERT INTO movie_friend_schema.movie_genre (movie_id, genre_id) VALUES (440, 11);
INSERT INTO movie_friend_schema.movie_genre (movie_id, genre_id) VALUES (440, 10);
INSERT INTO movie_friend_schema.movie_genre (movie_id, genre_id) VALUES (441, 15);
INSERT INTO movie_friend_schema.movie_genre (movie_id, genre_id) VALUES (441, 17);
INSERT INTO movie_friend_schema.movie_genre (movie_id, genre_id) VALUES (441, 9);
INSERT INTO movie_friend_schema.movie_genre (movie_id, genre_id) VALUES (441, 13);
INSERT INTO movie_friend_schema.movie_genre (movie_id, genre_id) VALUES (442, 14);
INSERT INTO movie_friend_schema.movie_genre (movie_id, genre_id) VALUES (443, 11);
INSERT INTO movie_friend_schema.movie_genre (movie_id, genre_id) VALUES (443, 10);
INSERT INTO movie_friend_schema.movie_genre (movie_id, genre_id) VALUES (444, 14);
INSERT INTO movie_friend_schema.movie_genre (movie_id, genre_id) VALUES (445, 16);
INSERT INTO movie_friend_schema.movie_genre (movie_id, genre_id) VALUES (445, 18);
INSERT INTO movie_friend_schema.movie_genre (movie_id, genre_id) VALUES (446, 11);
INSERT INTO movie_friend_schema.movie_genre (movie_id, genre_id) VALUES (447, 15);
INSERT INTO movie_friend_schema.movie_genre (movie_id, genre_id) VALUES (447, 16);
INSERT INTO movie_friend_schema.movie_genre (movie_id, genre_id) VALUES (448, 15);
INSERT INTO movie_friend_schema.movie_genre (movie_id, genre_id) VALUES (448, 12);
INSERT INTO movie_friend_schema.movie_genre (movie_id, genre_id) VALUES (448, 11);
INSERT INTO movie_friend_schema.movie_genre (movie_id, genre_id) VALUES (449, 16);
INSERT INTO movie_friend_schema.movie_genre (movie_id, genre_id) VALUES (449, 10);
INSERT INTO movie_friend_schema.movie_genre (movie_id, genre_id) VALUES (450, 23);
INSERT INTO movie_friend_schema.movie_genre (movie_id, genre_id) VALUES (450, 16);
INSERT INTO movie_friend_schema.movie_genre (movie_id, genre_id) VALUES (450, 10);
INSERT INTO movie_friend_schema.movie_genre (movie_id, genre_id) VALUES (451, 15);
INSERT INTO movie_friend_schema.movie_genre (movie_id, genre_id) VALUES (451, 10);
INSERT INTO movie_friend_schema.movie_genre (movie_id, genre_id) VALUES (452, 18);
INSERT INTO movie_friend_schema.movie_genre (movie_id, genre_id) VALUES (452, 22);
INSERT INTO movie_friend_schema.movie_genre (movie_id, genre_id) VALUES (453, 23);
INSERT INTO movie_friend_schema.movie_genre (movie_id, genre_id) VALUES (453, 12);
INSERT INTO movie_friend_schema.movie_genre (movie_id, genre_id) VALUES (453, 9);
INSERT INTO movie_friend_schema.movie_genre (movie_id, genre_id) VALUES (453, 13);
INSERT INTO movie_friend_schema.movie_genre (movie_id, genre_id) VALUES (453, 18);
INSERT INTO movie_friend_schema.movie_genre (movie_id, genre_id) VALUES (454, 9);
INSERT INTO movie_friend_schema.movie_genre (movie_id, genre_id) VALUES (454, 13);
INSERT INTO movie_friend_schema.movie_genre (movie_id, genre_id) VALUES (455, 22);
INSERT INTO movie_friend_schema.movie_genre (movie_id, genre_id) VALUES (456, 15);
INSERT INTO movie_friend_schema.movie_genre (movie_id, genre_id) VALUES (457, 11);
INSERT INTO movie_friend_schema.movie_genre (movie_id, genre_id) VALUES (458, 16);
INSERT INTO movie_friend_schema.movie_genre (movie_id, genre_id) VALUES (458, 18);
INSERT INTO movie_friend_schema.movie_genre (movie_id, genre_id) VALUES (459, 18);
INSERT INTO movie_friend_schema.movie_genre (movie_id, genre_id) VALUES (459, 22);
INSERT INTO movie_friend_schema.movie_genre (movie_id, genre_id) VALUES (460, 13);
INSERT INTO movie_friend_schema.movie_genre (movie_id, genre_id) VALUES (460, 10);
INSERT INTO movie_friend_schema.movie_genre (movie_id, genre_id) VALUES (461, 17);
INSERT INTO movie_friend_schema.movie_genre (movie_id, genre_id) VALUES (461, 9);
INSERT INTO movie_friend_schema.movie_genre (movie_id, genre_id) VALUES (461, 13);
INSERT INTO movie_friend_schema.movie_genre (movie_id, genre_id) VALUES (462, 23);
INSERT INTO movie_friend_schema.movie_genre (movie_id, genre_id) VALUES (462, 9);
INSERT INTO movie_friend_schema.movie_genre (movie_id, genre_id) VALUES (462, 10);
INSERT INTO movie_friend_schema.movie_genre (movie_id, genre_id) VALUES (463, 17);
INSERT INTO movie_friend_schema.movie_genre (movie_id, genre_id) VALUES (463, 9);
INSERT INTO movie_friend_schema.movie_genre (movie_id, genre_id) VALUES (463, 10);
INSERT INTO movie_friend_schema.movie_genre (movie_id, genre_id) VALUES (464, 14);
INSERT INTO movie_friend_schema.movie_genre (movie_id, genre_id) VALUES (465, 15);
INSERT INTO movie_friend_schema.movie_genre (movie_id, genre_id) VALUES (465, 9);
INSERT INTO movie_friend_schema.movie_genre (movie_id, genre_id) VALUES (465, 18);
INSERT INTO movie_friend_schema.movie_genre (movie_id, genre_id) VALUES (466, 11);
INSERT INTO movie_friend_schema.movie_genre (movie_id, genre_id) VALUES (467, 11);
INSERT INTO movie_friend_schema.movie_genre (movie_id, genre_id) VALUES (468, 11);
INSERT INTO movie_friend_schema.movie_genre (movie_id, genre_id) VALUES (469, 17);
INSERT INTO movie_friend_schema.movie_genre (movie_id, genre_id) VALUES (469, 9);
INSERT INTO movie_friend_schema.movie_genre (movie_id, genre_id) VALUES (469, 13);
INSERT INTO movie_friend_schema.movie_genre (movie_id, genre_id) VALUES (470, 16);
INSERT INTO movie_friend_schema.movie_genre (movie_id, genre_id) VALUES (470, 9);
INSERT INTO movie_friend_schema.movie_genre (movie_id, genre_id) VALUES (470, 18);
INSERT INTO movie_friend_schema.movie_genre (movie_id, genre_id) VALUES (471, 18);
INSERT INTO movie_friend_schema.movie_genre (movie_id, genre_id) VALUES (471, 22);
INSERT INTO movie_friend_schema.movie_genre (movie_id, genre_id) VALUES (472, 10);
INSERT INTO movie_friend_schema.movie_genre (movie_id, genre_id) VALUES (473, 11);
INSERT INTO movie_friend_schema.movie_genre (movie_id, genre_id) VALUES (474, 15);
INSERT INTO movie_friend_schema.movie_genre (movie_id, genre_id) VALUES (474, 16);
INSERT INTO movie_friend_schema.movie_genre (movie_id, genre_id) VALUES (475, 9);
INSERT INTO movie_friend_schema.movie_genre (movie_id, genre_id) VALUES (475, 19);
INSERT INTO movie_friend_schema.movie_genre (movie_id, genre_id) VALUES (476, 15);
INSERT INTO movie_friend_schema.movie_genre (movie_id, genre_id) VALUES (476, 12);
INSERT INTO movie_friend_schema.movie_genre (movie_id, genre_id) VALUES (476, 9);
INSERT INTO movie_friend_schema.movie_genre (movie_id, genre_id) VALUES (476, 18);
INSERT INTO movie_friend_schema.movie_genre (movie_id, genre_id) VALUES (476, 10);
INSERT INTO movie_friend_schema.movie_genre (movie_id, genre_id) VALUES (477, 15);
INSERT INTO movie_friend_schema.movie_genre (movie_id, genre_id) VALUES (477, 9);
INSERT INTO movie_friend_schema.movie_genre (movie_id, genre_id) VALUES (478, 18);
INSERT INTO movie_friend_schema.movie_genre (movie_id, genre_id) VALUES (479, 15);
INSERT INTO movie_friend_schema.movie_genre (movie_id, genre_id) VALUES (479, 10);
INSERT INTO movie_friend_schema.movie_genre (movie_id, genre_id) VALUES (480, 9);
INSERT INTO movie_friend_schema.movie_genre (movie_id, genre_id) VALUES (481, 9);
INSERT INTO movie_friend_schema.movie_genre (movie_id, genre_id) VALUES (481, 13);
INSERT INTO movie_friend_schema.movie_genre (movie_id, genre_id) VALUES (481, 11);
INSERT INTO movie_friend_schema.movie_genre (movie_id, genre_id) VALUES (482, 10);
INSERT INTO movie_friend_schema.movie_genre (movie_id, genre_id) VALUES (483, 14);
INSERT INTO movie_friend_schema.movie_genre (movie_id, genre_id) VALUES (484, 15);
INSERT INTO movie_friend_schema.movie_genre (movie_id, genre_id) VALUES (484, 16);
INSERT INTO movie_friend_schema.movie_genre (movie_id, genre_id) VALUES (484, 10);
INSERT INTO movie_friend_schema.movie_genre (movie_id, genre_id) VALUES (485, 16);
INSERT INTO movie_friend_schema.movie_genre (movie_id, genre_id) VALUES (486, 15);
INSERT INTO movie_friend_schema.movie_genre (movie_id, genre_id) VALUES (486, 9);
INSERT INTO movie_friend_schema.movie_genre (movie_id, genre_id) VALUES (486, 11);
INSERT INTO movie_friend_schema.movie_genre (movie_id, genre_id) VALUES (487, 15);
INSERT INTO movie_friend_schema.movie_genre (movie_id, genre_id) VALUES (487, 10);
INSERT INTO movie_friend_schema.movie_genre (movie_id, genre_id) VALUES (488, 14);
INSERT INTO movie_friend_schema.movie_genre (movie_id, genre_id) VALUES (489, 16);
INSERT INTO movie_friend_schema.movie_genre (movie_id, genre_id) VALUES (489, 18);
INSERT INTO movie_friend_schema.movie_genre (movie_id, genre_id) VALUES (490, 14);
INSERT INTO movie_friend_schema.movie_genre (movie_id, genre_id) VALUES (491, 15);
INSERT INTO movie_friend_schema.movie_genre (movie_id, genre_id) VALUES (491, 12);
INSERT INTO movie_friend_schema.movie_genre (movie_id, genre_id) VALUES (491, 18);
INSERT INTO movie_friend_schema.movie_genre (movie_id, genre_id) VALUES (491, 10);
INSERT INTO movie_friend_schema.movie_genre (movie_id, genre_id) VALUES (492, 16);
INSERT INTO movie_friend_schema.movie_genre (movie_id, genre_id) VALUES (492, 18);
INSERT INTO movie_friend_schema.movie_genre (movie_id, genre_id) VALUES (493, 17);
INSERT INTO movie_friend_schema.movie_genre (movie_id, genre_id) VALUES (493, 9);
INSERT INTO movie_friend_schema.movie_genre (movie_id, genre_id) VALUES (493, 13);
INSERT INTO movie_friend_schema.movie_genre (movie_id, genre_id) VALUES (494, 9);
INSERT INTO movie_friend_schema.movie_genre (movie_id, genre_id) VALUES (494, 13);
INSERT INTO movie_friend_schema.movie_genre (movie_id, genre_id) VALUES (495, 16);
INSERT INTO movie_friend_schema.movie_genre (movie_id, genre_id) VALUES (495, 18);
INSERT INTO movie_friend_schema.movie_genre (movie_id, genre_id) VALUES (496, 15);
INSERT INTO movie_friend_schema.movie_genre (movie_id, genre_id) VALUES (496, 16);
INSERT INTO movie_friend_schema.movie_genre (movie_id, genre_id) VALUES (496, 10);
INSERT INTO movie_friend_schema.movie_genre (movie_id, genre_id) VALUES (497, 15);
INSERT INTO movie_friend_schema.movie_genre (movie_id, genre_id) VALUES (497, 16);
INSERT INTO movie_friend_schema.movie_genre (movie_id, genre_id) VALUES (497, 18);
INSERT INTO movie_friend_schema.movie_genre (movie_id, genre_id) VALUES (497, 10);
INSERT INTO movie_friend_schema.movie_genre (movie_id, genre_id) VALUES (498, 9);
INSERT INTO movie_friend_schema.movie_genre (movie_id, genre_id) VALUES (498, 11);
INSERT INTO movie_friend_schema.movie_genre (movie_id, genre_id) VALUES (498, 10);
INSERT INTO movie_friend_schema.movie_genre (movie_id, genre_id) VALUES (499, 15);
INSERT INTO movie_friend_schema.movie_genre (movie_id, genre_id) VALUES (499, 16);
INSERT INTO movie_friend_schema.movie_genre (movie_id, genre_id) VALUES (499, 10);
INSERT INTO movie_friend_schema.movie_genre (movie_id, genre_id) VALUES (500, 23);
INSERT INTO movie_friend_schema.movie_genre (movie_id, genre_id) VALUES (500, 9);
INSERT INTO movie_friend_schema.movie_genre (movie_id, genre_id) VALUES (500, 18);
INSERT INTO movie_friend_schema.movie_genre (movie_id, genre_id) VALUES (501, 15);
INSERT INTO movie_friend_schema.movie_genre (movie_id, genre_id) VALUES (501, 16);
INSERT INTO movie_friend_schema.movie_genre (movie_id, genre_id) VALUES (501, 22);
INSERT INTO movie_friend_schema.movie_genre (movie_id, genre_id) VALUES (501, 10);
INSERT INTO movie_friend_schema.movie_genre (movie_id, genre_id) VALUES (502, 15);
INSERT INTO movie_friend_schema.movie_genre (movie_id, genre_id) VALUES (502, 16);
INSERT INTO movie_friend_schema.movie_genre (movie_id, genre_id) VALUES (502, 10);
INSERT INTO movie_friend_schema.movie_genre (movie_id, genre_id) VALUES (503, 11);
INSERT INTO movie_friend_schema.movie_genre (movie_id, genre_id) VALUES (504, 15);
INSERT INTO movie_friend_schema.movie_genre (movie_id, genre_id) VALUES (504, 16);
INSERT INTO movie_friend_schema.movie_genre (movie_id, genre_id) VALUES (505, 16);
INSERT INTO movie_friend_schema.movie_genre (movie_id, genre_id) VALUES (506, 22);
INSERT INTO movie_friend_schema.movie_genre (movie_id, genre_id) VALUES (507, 15);
INSERT INTO movie_friend_schema.movie_genre (movie_id, genre_id) VALUES (507, 16);
INSERT INTO movie_friend_schema.movie_genre (movie_id, genre_id) VALUES (507, 18);
INSERT INTO movie_friend_schema.movie_genre (movie_id, genre_id) VALUES (507, 22);
INSERT INTO movie_friend_schema.movie_genre (movie_id, genre_id) VALUES (508, 15);
INSERT INTO movie_friend_schema.movie_genre (movie_id, genre_id) VALUES (508, 12);
INSERT INTO movie_friend_schema.movie_genre (movie_id, genre_id) VALUES (508, 18);
INSERT INTO movie_friend_schema.movie_genre (movie_id, genre_id) VALUES (509, 15);
INSERT INTO movie_friend_schema.movie_genre (movie_id, genre_id) VALUES (509, 9);
INSERT INTO movie_friend_schema.movie_genre (movie_id, genre_id) VALUES (509, 18);
INSERT INTO movie_friend_schema.movie_genre (movie_id, genre_id) VALUES (510, 14);
INSERT INTO movie_friend_schema.movie_genre (movie_id, genre_id) VALUES (511, 23);
INSERT INTO movie_friend_schema.movie_genre (movie_id, genre_id) VALUES (511, 18);
INSERT INTO movie_friend_schema.movie_genre (movie_id, genre_id) VALUES (511, 10);
INSERT INTO movie_friend_schema.movie_genre (movie_id, genre_id) VALUES (512, 15);
INSERT INTO movie_friend_schema.movie_genre (movie_id, genre_id) VALUES (512, 12);
INSERT INTO movie_friend_schema.movie_genre (movie_id, genre_id) VALUES (512, 9);
INSERT INTO movie_friend_schema.movie_genre (movie_id, genre_id) VALUES (512, 18);
INSERT INTO movie_friend_schema.movie_genre (movie_id, genre_id) VALUES (513, 15);
INSERT INTO movie_friend_schema.movie_genre (movie_id, genre_id) VALUES (513, 16);
INSERT INTO movie_friend_schema.movie_genre (movie_id, genre_id) VALUES (513, 10);
INSERT INTO movie_friend_schema.movie_genre (movie_id, genre_id) VALUES (514, 15);
INSERT INTO movie_friend_schema.movie_genre (movie_id, genre_id) VALUES (514, 17);
INSERT INTO movie_friend_schema.movie_genre (movie_id, genre_id) VALUES (514, 9);
INSERT INTO movie_friend_schema.movie_genre (movie_id, genre_id) VALUES (514, 13);
INSERT INTO movie_friend_schema.movie_genre (movie_id, genre_id) VALUES (515, 15);
INSERT INTO movie_friend_schema.movie_genre (movie_id, genre_id) VALUES (515, 16);
INSERT INTO movie_friend_schema.movie_genre (movie_id, genre_id) VALUES (515, 10);
INSERT INTO movie_friend_schema.movie_genre (movie_id, genre_id) VALUES (516, 15);
INSERT INTO movie_friend_schema.movie_genre (movie_id, genre_id) VALUES (516, 16);
INSERT INTO movie_friend_schema.movie_genre (movie_id, genre_id) VALUES (516, 10);
INSERT INTO movie_friend_schema.movie_genre (movie_id, genre_id) VALUES (517, 11);
INSERT INTO movie_friend_schema.movie_genre (movie_id, genre_id) VALUES (518, 11);
INSERT INTO movie_friend_schema.movie_genre (movie_id, genre_id) VALUES (519, 14);
INSERT INTO movie_friend_schema.movie_genre (movie_id, genre_id) VALUES (520, 11);
INSERT INTO movie_friend_schema.movie_genre (movie_id, genre_id) VALUES (521, 14);
INSERT INTO movie_friend_schema.movie_genre (movie_id, genre_id) VALUES (522, 15);
INSERT INTO movie_friend_schema.movie_genre (movie_id, genre_id) VALUES (522, 16);
INSERT INTO movie_friend_schema.movie_genre (movie_id, genre_id) VALUES (523, 15);
INSERT INTO movie_friend_schema.movie_genre (movie_id, genre_id) VALUES (523, 16);
INSERT INTO movie_friend_schema.movie_genre (movie_id, genre_id) VALUES (523, 10);
INSERT INTO movie_friend_schema.movie_genre (movie_id, genre_id) VALUES (524, 11);
INSERT INTO movie_friend_schema.movie_genre (movie_id, genre_id) VALUES (525, 15);
INSERT INTO movie_friend_schema.movie_genre (movie_id, genre_id) VALUES (525, 11);
INSERT INTO movie_friend_schema.movie_genre (movie_id, genre_id) VALUES (525, 10);
commit;
INSERT INTO movie_friend_schema.movie_rate (rate_id, value, movie_id, user_id) VALUES (2, 5, 503, 18);
INSERT INTO movie_friend_schema.movie_rate (rate_id, value, movie_id, user_id) VALUES (3, 5, 525, 16);
INSERT INTO movie_friend_schema.movie_rate (rate_id, value, movie_id, user_id) VALUES (4, 4, 503, 16);
INSERT INTO movie_friend_schema.movie_rate (rate_id, value, movie_id, user_id) VALUES (5, 4, 525, 17);
INSERT INTO movie_friend_schema.movie_rate (rate_id, value, movie_id, user_id) VALUES (6, 5, 525, 19);
commit;
INSERT INTO movie_friend_schema.friend_request (id, status, user_request, user_response) VALUES (9, 'OK', 17, 16);
INSERT INTO movie_friend_schema.friend_request (id, status, user_request, user_response) VALUES (10, 'OK', 18, 16);
INSERT INTO movie_friend_schema.friend_request (id, status, user_request, user_response) VALUES (11, 'OK', 18, 17);
INSERT INTO movie_friend_schema.friend_request (id, status, user_request, user_response) VALUES (12, 'OK', 19, 16);
INSERT INTO movie_friend_schema.friend_request (id, status, user_request, user_response) VALUES (13, 'OK', 19, 17);
INSERT INTO movie_friend_schema.friend_request (id, status, user_request, user_response) VALUES (14, 'NO', 18, 19);
commit;
INSERT INTO movie_friend_schema.session (session_id, price, start_time, hall_id, movie_id) VALUES (31, 8.00, '2020-05-06 14:00:00', 2, 503);
INSERT INTO movie_friend_schema.session (session_id, price, start_time, hall_id, movie_id) VALUES (33, 6.50, '2020-05-06 10:00:00', 2, 525);
INSERT INTO movie_friend_schema.session (session_id, price, start_time, hall_id, movie_id) VALUES (35, 8.50, '2020-05-06 18:15:00', 2, 417);
INSERT INTO movie_friend_schema.session (session_id, price, start_time, hall_id, movie_id) VALUES (36, 12.00, '2020-05-06 21:30:00', 2, 434);
INSERT INTO movie_friend_schema.session (session_id, price, start_time, hall_id, movie_id) VALUES (37, 12.00, '2020-05-06 14:00:00', 3, 481);
INSERT INTO movie_friend_schema.session (session_id, price, start_time, hall_id, movie_id) VALUES (38, 16.50, '2020-05-06 18:00:00', 3, 402);
INSERT INTO movie_friend_schema.session (session_id, price, start_time, hall_id, movie_id) VALUES (39, 20.00, '2020-05-06 21:45:00', 3, 493);
INSERT INTO movie_friend_schema.session (session_id, price, start_time, hall_id, movie_id) VALUES (40, 7.00, '2020-05-06 11:15:00', 5, 443);
INSERT INTO movie_friend_schema.session (session_id, price, start_time, hall_id, movie_id) VALUES (41, 8.00, '2020-05-06 14:30:00', 5, 447);
INSERT INTO movie_friend_schema.session (session_id, price, start_time, hall_id, movie_id) VALUES (42, 8.50, '2020-05-06 18:45:00', 5, 425);
INSERT INTO movie_friend_schema.session (session_id, price, start_time, hall_id, movie_id) VALUES (43, 12.00, '2020-05-06 22:00:00', 5, 480);
INSERT INTO movie_friend_schema.session (session_id, price, start_time, hall_id, movie_id) VALUES (44, 8.00, '2020-05-07 14:00:00', 2, 512);
INSERT INTO movie_friend_schema.session (session_id, price, start_time, hall_id, movie_id) VALUES (46, 6.50, '2020-05-07 10:00:00', 2, 444);
INSERT INTO movie_friend_schema.session (session_id, price, start_time, hall_id, movie_id) VALUES (48, 8.50, '2020-05-07 18:15:00', 2, 405);
INSERT INTO movie_friend_schema.session (session_id, price, start_time, hall_id, movie_id) VALUES (49, 12.00, '2020-05-07 21:30:00', 2, 417);
INSERT INTO movie_friend_schema.session (session_id, price, start_time, hall_id, movie_id) VALUES (50, 12.00, '2020-05-07 14:00:00', 3, 466);
INSERT INTO movie_friend_schema.session (session_id, price, start_time, hall_id, movie_id) VALUES (51, 16.50, '2020-05-07 18:00:00', 3, 431);
INSERT INTO movie_friend_schema.session (session_id, price, start_time, hall_id, movie_id) VALUES (52, 20.00, '2020-05-07 21:45:00', 3, 481);
INSERT INTO movie_friend_schema.session (session_id, price, start_time, hall_id, movie_id) VALUES (53, 7.00, '2020-05-07 11:15:00', 5, 464);
INSERT INTO movie_friend_schema.session (session_id, price, start_time, hall_id, movie_id) VALUES (54, 8.00, '2020-05-07 14:30:00', 5, 476);
INSERT INTO movie_friend_schema.session (session_id, price, start_time, hall_id, movie_id) VALUES (55, 8.50, '2020-05-07 18:45:00', 5, 463);
INSERT INTO movie_friend_schema.session (session_id, price, start_time, hall_id, movie_id) VALUES (56, 12.00, '2020-05-07 22:00:00', 5, 484);
INSERT INTO movie_friend_schema.session (session_id, price, start_time, hall_id, movie_id) VALUES (57, 8.00, '2020-05-08 14:00:00', 2, 408);
INSERT INTO movie_friend_schema.session (session_id, price, start_time, hall_id, movie_id) VALUES (59, 6.50, '2020-05-08 10:00:00', 2, 403);
INSERT INTO movie_friend_schema.session (session_id, price, start_time, hall_id, movie_id) VALUES (61, 8.50, '2020-05-08 18:15:00', 2, 407);
INSERT INTO movie_friend_schema.session (session_id, price, start_time, hall_id, movie_id) VALUES (62, 12.00, '2020-05-08 21:30:00', 2, 406);
INSERT INTO movie_friend_schema.session (session_id, price, start_time, hall_id, movie_id) VALUES (63, 12.00, '2020-05-08 14:00:00', 3, 409);
INSERT INTO movie_friend_schema.session (session_id, price, start_time, hall_id, movie_id) VALUES (64, 16.50, '2020-05-08 18:00:00', 3, 403);
INSERT INTO movie_friend_schema.session (session_id, price, start_time, hall_id, movie_id) VALUES (65, 20.00, '2020-05-08 21:45:00', 3, 408);
INSERT INTO movie_friend_schema.session (session_id, price, start_time, hall_id, movie_id) VALUES (66, 7.00, '2020-05-08 11:15:00', 5, 404);
INSERT INTO movie_friend_schema.session (session_id, price, start_time, hall_id, movie_id) VALUES (67, 8.00, '2020-05-08 14:30:00', 5, 405);
INSERT INTO movie_friend_schema.session (session_id, price, start_time, hall_id, movie_id) VALUES (68, 8.50, '2020-05-08 18:45:00', 5, 409);
INSERT INTO movie_friend_schema.session (session_id, price, start_time, hall_id, movie_id) VALUES (69, 12.00, '2020-05-08 22:00:00', 5, 405);
INSERT INTO movie_friend_schema.session (session_id, price, start_time, hall_id, movie_id) VALUES (70, 8.00, '2020-05-09 14:00:00', 2, 403);
INSERT INTO movie_friend_schema.session (session_id, price, start_time, hall_id, movie_id) VALUES (72, 6.50, '2020-05-09 10:00:00', 2, 405);
INSERT INTO movie_friend_schema.session (session_id, price, start_time, hall_id, movie_id) VALUES (74, 8.50, '2020-05-09 18:15:00', 2, 402);
INSERT INTO movie_friend_schema.session (session_id, price, start_time, hall_id, movie_id) VALUES (75, 12.00, '2020-05-09 21:30:00', 2, 404);
INSERT INTO movie_friend_schema.session (session_id, price, start_time, hall_id, movie_id) VALUES (76, 12.00, '2020-05-09 14:00:00', 3, 405);
INSERT INTO movie_friend_schema.session (session_id, price, start_time, hall_id, movie_id) VALUES (77, 16.50, '2020-05-09 18:00:00', 3, 403);
INSERT INTO movie_friend_schema.session (session_id, price, start_time, hall_id, movie_id) VALUES (78, 20.00, '2020-05-09 21:45:00', 3, 406);
INSERT INTO movie_friend_schema.session (session_id, price, start_time, hall_id, movie_id) VALUES (79, 7.00, '2020-05-09 11:15:00', 5, 403);
INSERT INTO movie_friend_schema.session (session_id, price, start_time, hall_id, movie_id) VALUES (80, 8.00, '2020-05-09 14:30:00', 5, 405);
INSERT INTO movie_friend_schema.session (session_id, price, start_time, hall_id, movie_id) VALUES (81, 8.50, '2020-05-09 18:45:00', 5, 405);
INSERT INTO movie_friend_schema.session (session_id, price, start_time, hall_id, movie_id) VALUES (82, 12.00, '2020-05-09 22:00:00', 5, 404);
INSERT INTO movie_friend_schema.session (session_id, price, start_time, hall_id, movie_id) VALUES (83, 8.00, '2020-05-10 14:00:00', 2, 411);
INSERT INTO movie_friend_schema.session (session_id, price, start_time, hall_id, movie_id) VALUES (85, 6.50, '2020-05-10 10:00:00', 2, 408);
INSERT INTO movie_friend_schema.session (session_id, price, start_time, hall_id, movie_id) VALUES (87, 8.50, '2020-05-10 18:15:00', 2, 408);
INSERT INTO movie_friend_schema.session (session_id, price, start_time, hall_id, movie_id) VALUES (88, 12.00, '2020-05-10 21:30:00', 2, 408);
INSERT INTO movie_friend_schema.session (session_id, price, start_time, hall_id, movie_id) VALUES (89, 12.00, '2020-05-10 14:00:00', 3, 410);
INSERT INTO movie_friend_schema.session (session_id, price, start_time, hall_id, movie_id) VALUES (90, 16.50, '2020-05-10 18:00:00', 3, 411);
INSERT INTO movie_friend_schema.session (session_id, price, start_time, hall_id, movie_id) VALUES (91, 20.00, '2020-05-10 21:45:00', 3, 409);
INSERT INTO movie_friend_schema.session (session_id, price, start_time, hall_id, movie_id) VALUES (92, 7.00, '2020-05-10 11:15:00', 5, 408);
INSERT INTO movie_friend_schema.session (session_id, price, start_time, hall_id, movie_id) VALUES (93, 8.00, '2020-05-10 14:30:00', 5, 411);
INSERT INTO movie_friend_schema.session (session_id, price, start_time, hall_id, movie_id) VALUES (94, 8.50, '2020-05-10 18:45:00', 5, 409);
INSERT INTO movie_friend_schema.session (session_id, price, start_time, hall_id, movie_id) VALUES (95, 12.00, '2020-05-10 22:00:00', 5, 410);
INSERT INTO movie_friend_schema.session (session_id, price, start_time, hall_id, movie_id) VALUES (96, 8.00, '2020-05-11 14:00:00', 2, 419);
INSERT INTO movie_friend_schema.session (session_id, price, start_time, hall_id, movie_id) VALUES (98, 6.50, '2020-05-11 10:00:00', 2, 417);
INSERT INTO movie_friend_schema.session (session_id, price, start_time, hall_id, movie_id) VALUES (100, 8.50, '2020-05-11 18:15:00', 2, 415);
INSERT INTO movie_friend_schema.session (session_id, price, start_time, hall_id, movie_id) VALUES (101, 12.00, '2020-05-11 21:30:00', 2, 418);
INSERT INTO movie_friend_schema.session (session_id, price, start_time, hall_id, movie_id) VALUES (102, 12.00, '2020-05-11 14:00:00', 3, 419);
INSERT INTO movie_friend_schema.session (session_id, price, start_time, hall_id, movie_id) VALUES (103, 16.50, '2020-05-11 18:00:00', 3, 415);
INSERT INTO movie_friend_schema.session (session_id, price, start_time, hall_id, movie_id) VALUES (104, 20.00, '2020-05-11 21:45:00', 3, 415);
INSERT INTO movie_friend_schema.session (session_id, price, start_time, hall_id, movie_id) VALUES (105, 7.00, '2020-05-11 11:15:00', 5, 418);
INSERT INTO movie_friend_schema.session (session_id, price, start_time, hall_id, movie_id) VALUES (106, 8.00, '2020-05-11 14:30:00', 5, 418);
INSERT INTO movie_friend_schema.session (session_id, price, start_time, hall_id, movie_id) VALUES (107, 8.50, '2020-05-11 18:45:00', 5, 419);
INSERT INTO movie_friend_schema.session (session_id, price, start_time, hall_id, movie_id) VALUES (108, 12.00, '2020-05-11 22:00:00', 5, 419);
INSERT INTO movie_friend_schema.session (session_id, price, start_time, hall_id, movie_id) VALUES (109, 8.00, '2020-05-12 14:00:00', 2, 424);
INSERT INTO movie_friend_schema.session (session_id, price, start_time, hall_id, movie_id) VALUES (111, 6.50, '2020-05-12 10:00:00', 2, 421);
INSERT INTO movie_friend_schema.session (session_id, price, start_time, hall_id, movie_id) VALUES (113, 8.50, '2020-05-12 18:15:00', 2, 425);
INSERT INTO movie_friend_schema.session (session_id, price, start_time, hall_id, movie_id) VALUES (114, 12.00, '2020-05-12 21:30:00', 2, 423);
INSERT INTO movie_friend_schema.session (session_id, price, start_time, hall_id, movie_id) VALUES (115, 12.00, '2020-05-12 14:00:00', 3, 423);
INSERT INTO movie_friend_schema.session (session_id, price, start_time, hall_id, movie_id) VALUES (116, 16.50, '2020-05-12 18:00:00', 3, 422);
INSERT INTO movie_friend_schema.session (session_id, price, start_time, hall_id, movie_id) VALUES (117, 20.00, '2020-05-12 21:45:00', 3, 423);
INSERT INTO movie_friend_schema.session (session_id, price, start_time, hall_id, movie_id) VALUES (118, 7.00, '2020-05-12 11:15:00', 5, 422);
INSERT INTO movie_friend_schema.session (session_id, price, start_time, hall_id, movie_id) VALUES (119, 8.00, '2020-05-12 14:30:00', 5, 424);
INSERT INTO movie_friend_schema.session (session_id, price, start_time, hall_id, movie_id) VALUES (120, 8.50, '2020-05-12 18:45:00', 5, 425);
INSERT INTO movie_friend_schema.session (session_id, price, start_time, hall_id, movie_id) VALUES (121, 12.00, '2020-05-12 22:00:00', 5, 423);
INSERT INTO movie_friend_schema.session (session_id, price, start_time, hall_id, movie_id) VALUES (122, 8.00, '2020-05-13 14:00:00', 2, 431);
INSERT INTO movie_friend_schema.session (session_id, price, start_time, hall_id, movie_id) VALUES (124, 6.50, '2020-05-13 10:00:00', 2, 431);
INSERT INTO movie_friend_schema.session (session_id, price, start_time, hall_id, movie_id) VALUES (126, 8.50, '2020-05-13 18:15:00', 2, 430);
INSERT INTO movie_friend_schema.session (session_id, price, start_time, hall_id, movie_id) VALUES (127, 12.00, '2020-05-13 21:30:00', 2, 427);
INSERT INTO movie_friend_schema.session (session_id, price, start_time, hall_id, movie_id) VALUES (128, 12.00, '2020-05-13 14:00:00', 3, 429);
INSERT INTO movie_friend_schema.session (session_id, price, start_time, hall_id, movie_id) VALUES (129, 16.50, '2020-05-13 18:00:00', 3, 430);
INSERT INTO movie_friend_schema.session (session_id, price, start_time, hall_id, movie_id) VALUES (130, 20.00, '2020-05-13 21:45:00', 3, 429);
INSERT INTO movie_friend_schema.session (session_id, price, start_time, hall_id, movie_id) VALUES (131, 7.00, '2020-05-13 11:15:00', 5, 431);
INSERT INTO movie_friend_schema.session (session_id, price, start_time, hall_id, movie_id) VALUES (132, 8.00, '2020-05-13 14:30:00', 5, 427);
INSERT INTO movie_friend_schema.session (session_id, price, start_time, hall_id, movie_id) VALUES (133, 8.50, '2020-05-13 18:45:00', 5, 431);
INSERT INTO movie_friend_schema.session (session_id, price, start_time, hall_id, movie_id) VALUES (134, 12.00, '2020-05-13 22:00:00', 5, 427);
INSERT INTO movie_friend_schema.session (session_id, price, start_time, hall_id, movie_id) VALUES (135, 8.00, '2020-05-14 14:00:00', 2, 433);
INSERT INTO movie_friend_schema.session (session_id, price, start_time, hall_id, movie_id) VALUES (137, 6.50, '2020-05-14 10:00:00', 2, 439);
INSERT INTO movie_friend_schema.session (session_id, price, start_time, hall_id, movie_id) VALUES (139, 8.50, '2020-05-14 18:15:00', 2, 435);
INSERT INTO movie_friend_schema.session (session_id, price, start_time, hall_id, movie_id) VALUES (140, 12.00, '2020-05-14 21:30:00', 2, 434);
INSERT INTO movie_friend_schema.session (session_id, price, start_time, hall_id, movie_id) VALUES (141, 12.00, '2020-05-14 14:00:00', 3, 439);
INSERT INTO movie_friend_schema.session (session_id, price, start_time, hall_id, movie_id) VALUES (142, 16.50, '2020-05-14 18:00:00', 3, 438);
INSERT INTO movie_friend_schema.session (session_id, price, start_time, hall_id, movie_id) VALUES (143, 20.00, '2020-05-14 21:45:00', 3, 433);
INSERT INTO movie_friend_schema.session (session_id, price, start_time, hall_id, movie_id) VALUES (144, 7.00, '2020-05-14 11:15:00', 5, 434);
INSERT INTO movie_friend_schema.session (session_id, price, start_time, hall_id, movie_id) VALUES (145, 8.00, '2020-05-14 14:30:00', 5, 433);
INSERT INTO movie_friend_schema.session (session_id, price, start_time, hall_id, movie_id) VALUES (146, 8.50, '2020-05-14 18:45:00', 5, 435);
INSERT INTO movie_friend_schema.session (session_id, price, start_time, hall_id, movie_id) VALUES (147, 12.00, '2020-05-14 22:00:00', 5, 436);
INSERT INTO movie_friend_schema.session (session_id, price, start_time, hall_id, movie_id) VALUES (148, 8.00, '2020-05-15 14:00:00', 2, 446);
INSERT INTO movie_friend_schema.session (session_id, price, start_time, hall_id, movie_id) VALUES (150, 6.50, '2020-05-15 10:00:00', 2, 441);
INSERT INTO movie_friend_schema.session (session_id, price, start_time, hall_id, movie_id) VALUES (152, 8.50, '2020-05-15 18:15:00', 2, 442);
INSERT INTO movie_friend_schema.session (session_id, price, start_time, hall_id, movie_id) VALUES (153, 12.00, '2020-05-15 21:30:00', 2, 445);
INSERT INTO movie_friend_schema.session (session_id, price, start_time, hall_id, movie_id) VALUES (154, 12.00, '2020-05-15 14:00:00', 3, 446);
INSERT INTO movie_friend_schema.session (session_id, price, start_time, hall_id, movie_id) VALUES (155, 16.50, '2020-05-15 18:00:00', 3, 441);
INSERT INTO movie_friend_schema.session (session_id, price, start_time, hall_id, movie_id) VALUES (156, 20.00, '2020-05-15 21:45:00', 3, 445);
INSERT INTO movie_friend_schema.session (session_id, price, start_time, hall_id, movie_id) VALUES (157, 7.00, '2020-05-15 11:15:00', 5, 442);
INSERT INTO movie_friend_schema.session (session_id, price, start_time, hall_id, movie_id) VALUES (158, 8.00, '2020-05-15 14:30:00', 5, 441);
INSERT INTO movie_friend_schema.session (session_id, price, start_time, hall_id, movie_id) VALUES (159, 8.50, '2020-05-15 18:45:00', 5, 441);
INSERT INTO movie_friend_schema.session (session_id, price, start_time, hall_id, movie_id) VALUES (160, 12.00, '2020-05-15 22:00:00', 5, 446);
INSERT INTO movie_friend_schema.session (session_id, price, start_time, hall_id, movie_id) VALUES (161, 8.00, '2020-05-16 14:00:00', 2, 453);
INSERT INTO movie_friend_schema.session (session_id, price, start_time, hall_id, movie_id) VALUES (163, 6.50, '2020-05-16 10:00:00', 2, 455);
INSERT INTO movie_friend_schema.session (session_id, price, start_time, hall_id, movie_id) VALUES (165, 8.50, '2020-05-16 18:15:00', 2, 454);
INSERT INTO movie_friend_schema.session (session_id, price, start_time, hall_id, movie_id) VALUES (166, 12.00, '2020-05-16 21:30:00', 2, 455);
INSERT INTO movie_friend_schema.session (session_id, price, start_time, hall_id, movie_id) VALUES (167, 12.00, '2020-05-16 14:00:00', 3, 450);
INSERT INTO movie_friend_schema.session (session_id, price, start_time, hall_id, movie_id) VALUES (168, 16.50, '2020-05-16 18:00:00', 3, 451);
INSERT INTO movie_friend_schema.session (session_id, price, start_time, hall_id, movie_id) VALUES (169, 20.00, '2020-05-16 21:45:00', 3, 450);
INSERT INTO movie_friend_schema.session (session_id, price, start_time, hall_id, movie_id) VALUES (170, 7.00, '2020-05-16 11:15:00', 5, 450);
INSERT INTO movie_friend_schema.session (session_id, price, start_time, hall_id, movie_id) VALUES (171, 8.00, '2020-05-16 14:30:00', 5, 455);
INSERT INTO movie_friend_schema.session (session_id, price, start_time, hall_id, movie_id) VALUES (172, 8.50, '2020-05-16 18:45:00', 5, 452);
INSERT INTO movie_friend_schema.session (session_id, price, start_time, hall_id, movie_id) VALUES (173, 12.00, '2020-05-16 22:00:00', 5, 450);
INSERT INTO movie_friend_schema.session (session_id, price, start_time, hall_id, movie_id) VALUES (174, 8.00, '2020-05-17 14:00:00', 2, 464);
INSERT INTO movie_friend_schema.session (session_id, price, start_time, hall_id, movie_id) VALUES (176, 6.50, '2020-05-17 10:00:00', 2, 458);
INSERT INTO movie_friend_schema.session (session_id, price, start_time, hall_id, movie_id) VALUES (178, 8.50, '2020-05-17 18:15:00', 2, 463);
INSERT INTO movie_friend_schema.session (session_id, price, start_time, hall_id, movie_id) VALUES (179, 12.00, '2020-05-17 21:30:00', 2, 460);
INSERT INTO movie_friend_schema.session (session_id, price, start_time, hall_id, movie_id) VALUES (180, 12.00, '2020-05-17 14:00:00', 3, 457);
INSERT INTO movie_friend_schema.session (session_id, price, start_time, hall_id, movie_id) VALUES (181, 16.50, '2020-05-17 18:00:00', 3, 464);
INSERT INTO movie_friend_schema.session (session_id, price, start_time, hall_id, movie_id) VALUES (182, 20.00, '2020-05-17 21:45:00', 3, 461);
INSERT INTO movie_friend_schema.session (session_id, price, start_time, hall_id, movie_id) VALUES (183, 7.00, '2020-05-17 11:15:00', 5, 464);
INSERT INTO movie_friend_schema.session (session_id, price, start_time, hall_id, movie_id) VALUES (184, 8.00, '2020-05-17 14:30:00', 5, 463);
INSERT INTO movie_friend_schema.session (session_id, price, start_time, hall_id, movie_id) VALUES (185, 8.50, '2020-05-17 18:45:00', 5, 458);
INSERT INTO movie_friend_schema.session (session_id, price, start_time, hall_id, movie_id) VALUES (186, 12.00, '2020-05-17 22:00:00', 5, 461);
INSERT INTO movie_friend_schema.session (session_id, price, start_time, hall_id, movie_id) VALUES (187, 8.00, '2020-05-18 14:00:00', 2, 467);
INSERT INTO movie_friend_schema.session (session_id, price, start_time, hall_id, movie_id) VALUES (189, 6.50, '2020-05-18 10:00:00', 2, 470);
INSERT INTO movie_friend_schema.session (session_id, price, start_time, hall_id, movie_id) VALUES (191, 8.50, '2020-05-18 18:15:00', 2, 468);
INSERT INTO movie_friend_schema.session (session_id, price, start_time, hall_id, movie_id) VALUES (192, 12.00, '2020-05-18 21:30:00', 2, 470);
INSERT INTO movie_friend_schema.session (session_id, price, start_time, hall_id, movie_id) VALUES (193, 12.00, '2020-05-18 14:00:00', 3, 468);
INSERT INTO movie_friend_schema.session (session_id, price, start_time, hall_id, movie_id) VALUES (194, 16.50, '2020-05-18 18:00:00', 3, 471);
INSERT INTO movie_friend_schema.session (session_id, price, start_time, hall_id, movie_id) VALUES (195, 20.00, '2020-05-18 21:45:00', 3, 466);
INSERT INTO movie_friend_schema.session (session_id, price, start_time, hall_id, movie_id) VALUES (196, 7.00, '2020-05-18 11:15:00', 5, 466);
INSERT INTO movie_friend_schema.session (session_id, price, start_time, hall_id, movie_id) VALUES (197, 8.00, '2020-05-18 14:30:00', 5, 468);
INSERT INTO movie_friend_schema.session (session_id, price, start_time, hall_id, movie_id) VALUES (198, 8.50, '2020-05-18 18:45:00', 5, 466);
INSERT INTO movie_friend_schema.session (session_id, price, start_time, hall_id, movie_id) VALUES (199, 12.00, '2020-05-18 22:00:00', 5, 468);
INSERT INTO movie_friend_schema.session (session_id, price, start_time, hall_id, movie_id) VALUES (200, 8.00, '2020-05-19 14:00:00', 2, 476);
INSERT INTO movie_friend_schema.session (session_id, price, start_time, hall_id, movie_id) VALUES (202, 6.50, '2020-05-19 10:00:00', 2, 479);
INSERT INTO movie_friend_schema.session (session_id, price, start_time, hall_id, movie_id) VALUES (204, 8.50, '2020-05-19 18:15:00', 2, 478);
INSERT INTO movie_friend_schema.session (session_id, price, start_time, hall_id, movie_id) VALUES (205, 12.00, '2020-05-19 21:30:00', 2, 479);
INSERT INTO movie_friend_schema.session (session_id, price, start_time, hall_id, movie_id) VALUES (206, 12.00, '2020-05-19 14:00:00', 3, 474);
INSERT INTO movie_friend_schema.session (session_id, price, start_time, hall_id, movie_id) VALUES (207, 16.50, '2020-05-19 18:00:00', 3, 474);
INSERT INTO movie_friend_schema.session (session_id, price, start_time, hall_id, movie_id) VALUES (208, 20.00, '2020-05-19 21:45:00', 3, 479);
INSERT INTO movie_friend_schema.session (session_id, price, start_time, hall_id, movie_id) VALUES (209, 7.00, '2020-05-19 11:15:00', 5, 476);
INSERT INTO movie_friend_schema.session (session_id, price, start_time, hall_id, movie_id) VALUES (210, 8.00, '2020-05-19 14:30:00', 5, 474);
INSERT INTO movie_friend_schema.session (session_id, price, start_time, hall_id, movie_id) VALUES (211, 8.50, '2020-05-19 18:45:00', 5, 474);
INSERT INTO movie_friend_schema.session (session_id, price, start_time, hall_id, movie_id) VALUES (212, 12.00, '2020-05-19 22:00:00', 5, 474);
INSERT INTO movie_friend_schema.session (session_id, price, start_time, hall_id, movie_id) VALUES (213, 8.00, '2020-05-20 14:00:00', 2, 483);
INSERT INTO movie_friend_schema.session (session_id, price, start_time, hall_id, movie_id) VALUES (215, 6.50, '2020-05-20 10:00:00', 2, 483);
INSERT INTO movie_friend_schema.session (session_id, price, start_time, hall_id, movie_id) VALUES (217, 8.50, '2020-05-20 18:15:00', 2, 481);
INSERT INTO movie_friend_schema.session (session_id, price, start_time, hall_id, movie_id) VALUES (218, 12.00, '2020-05-20 21:30:00', 2, 482);
INSERT INTO movie_friend_schema.session (session_id, price, start_time, hall_id, movie_id) VALUES (219, 12.00, '2020-05-20 14:00:00', 3, 481);
INSERT INTO movie_friend_schema.session (session_id, price, start_time, hall_id, movie_id) VALUES (220, 16.50, '2020-05-20 18:00:00', 3, 482);
INSERT INTO movie_friend_schema.session (session_id, price, start_time, hall_id, movie_id) VALUES (221, 20.00, '2020-05-20 21:45:00', 3, 483);
INSERT INTO movie_friend_schema.session (session_id, price, start_time, hall_id, movie_id) VALUES (222, 7.00, '2020-05-20 11:15:00', 5, 485);
INSERT INTO movie_friend_schema.session (session_id, price, start_time, hall_id, movie_id) VALUES (223, 8.00, '2020-05-20 14:30:00', 5, 484);
INSERT INTO movie_friend_schema.session (session_id, price, start_time, hall_id, movie_id) VALUES (224, 8.50, '2020-05-20 18:45:00', 5, 482);
INSERT INTO movie_friend_schema.session (session_id, price, start_time, hall_id, movie_id) VALUES (225, 12.00, '2020-05-20 22:00:00', 5, 485);
INSERT INTO movie_friend_schema.session (session_id, price, start_time, hall_id, movie_id) VALUES (226, 8.00, '2020-05-21 14:00:00', 2, 499);
INSERT INTO movie_friend_schema.session (session_id, price, start_time, hall_id, movie_id) VALUES (228, 6.50, '2020-05-21 10:00:00', 2, 499);
INSERT INTO movie_friend_schema.session (session_id, price, start_time, hall_id, movie_id) VALUES (230, 8.50, '2020-05-21 18:15:00', 2, 497);
INSERT INTO movie_friend_schema.session (session_id, price, start_time, hall_id, movie_id) VALUES (231, 12.00, '2020-05-21 21:30:00', 2, 498);
INSERT INTO movie_friend_schema.session (session_id, price, start_time, hall_id, movie_id) VALUES (232, 12.00, '2020-05-21 14:00:00', 3, 499);
INSERT INTO movie_friend_schema.session (session_id, price, start_time, hall_id, movie_id) VALUES (233, 16.50, '2020-05-21 18:00:00', 3, 495);
INSERT INTO movie_friend_schema.session (session_id, price, start_time, hall_id, movie_id) VALUES (234, 20.00, '2020-05-21 21:45:00', 3, 496);
INSERT INTO movie_friend_schema.session (session_id, price, start_time, hall_id, movie_id) VALUES (235, 7.00, '2020-05-21 11:15:00', 5, 500);
INSERT INTO movie_friend_schema.session (session_id, price, start_time, hall_id, movie_id) VALUES (236, 8.00, '2020-05-21 14:30:00', 5, 499);
INSERT INTO movie_friend_schema.session (session_id, price, start_time, hall_id, movie_id) VALUES (237, 8.50, '2020-05-21 18:45:00', 5, 496);
INSERT INTO movie_friend_schema.session (session_id, price, start_time, hall_id, movie_id) VALUES (238, 12.00, '2020-05-21 22:00:00', 5, 499);
INSERT INTO movie_friend_schema.session (session_id, price, start_time, hall_id, movie_id) VALUES (239, 8.00, '2020-05-22 14:00:00', 2, 490);
INSERT INTO movie_friend_schema.session (session_id, price, start_time, hall_id, movie_id) VALUES (241, 6.50, '2020-05-22 10:00:00', 2, 491);
INSERT INTO movie_friend_schema.session (session_id, price, start_time, hall_id, movie_id) VALUES (243, 8.50, '2020-05-22 18:15:00', 2, 493);
INSERT INTO movie_friend_schema.session (session_id, price, start_time, hall_id, movie_id) VALUES (244, 12.00, '2020-05-22 21:30:00', 2, 493);
INSERT INTO movie_friend_schema.session (session_id, price, start_time, hall_id, movie_id) VALUES (245, 12.00, '2020-05-22 14:00:00', 3, 495);
INSERT INTO movie_friend_schema.session (session_id, price, start_time, hall_id, movie_id) VALUES (246, 16.50, '2020-05-22 18:00:00', 3, 494);
INSERT INTO movie_friend_schema.session (session_id, price, start_time, hall_id, movie_id) VALUES (247, 20.00, '2020-05-22 21:45:00', 3, 495);
INSERT INTO movie_friend_schema.session (session_id, price, start_time, hall_id, movie_id) VALUES (248, 7.00, '2020-05-22 11:15:00', 5, 490);
INSERT INTO movie_friend_schema.session (session_id, price, start_time, hall_id, movie_id) VALUES (249, 8.00, '2020-05-22 14:30:00', 5, 490);
INSERT INTO movie_friend_schema.session (session_id, price, start_time, hall_id, movie_id) VALUES (250, 8.50, '2020-05-22 18:45:00', 5, 492);
INSERT INTO movie_friend_schema.session (session_id, price, start_time, hall_id, movie_id) VALUES (251, 12.00, '2020-05-22 22:00:00', 5, 493);
INSERT INTO movie_friend_schema.session (session_id, price, start_time, hall_id, movie_id) VALUES (252, 8.00, '2020-05-23 14:00:00', 2, 500);
INSERT INTO movie_friend_schema.session (session_id, price, start_time, hall_id, movie_id) VALUES (254, 6.50, '2020-05-23 10:00:00', 2, 498);
INSERT INTO movie_friend_schema.session (session_id, price, start_time, hall_id, movie_id) VALUES (256, 8.50, '2020-05-23 18:15:00', 2, 501);
INSERT INTO movie_friend_schema.session (session_id, price, start_time, hall_id, movie_id) VALUES (257, 12.00, '2020-05-23 21:30:00', 2, 502);
INSERT INTO movie_friend_schema.session (session_id, price, start_time, hall_id, movie_id) VALUES (258, 12.00, '2020-05-23 14:00:00', 3, 499);
INSERT INTO movie_friend_schema.session (session_id, price, start_time, hall_id, movie_id) VALUES (259, 16.50, '2020-05-23 18:00:00', 3, 497);
INSERT INTO movie_friend_schema.session (session_id, price, start_time, hall_id, movie_id) VALUES (260, 20.00, '2020-05-23 21:45:00', 3, 498);
INSERT INTO movie_friend_schema.session (session_id, price, start_time, hall_id, movie_id) VALUES (261, 7.00, '2020-05-23 11:15:00', 5, 497);
INSERT INTO movie_friend_schema.session (session_id, price, start_time, hall_id, movie_id) VALUES (262, 8.00, '2020-05-23 14:30:00', 5, 500);
INSERT INTO movie_friend_schema.session (session_id, price, start_time, hall_id, movie_id) VALUES (263, 8.50, '2020-05-23 18:45:00', 5, 502);
INSERT INTO movie_friend_schema.session (session_id, price, start_time, hall_id, movie_id) VALUES (264, 12.00, '2020-05-23 22:00:00', 5, 502);
INSERT INTO movie_friend_schema.session (session_id, price, start_time, hall_id, movie_id) VALUES (265, 8.00, '2020-05-24 14:00:00', 2, 507);
INSERT INTO movie_friend_schema.session (session_id, price, start_time, hall_id, movie_id) VALUES (267, 6.50, '2020-05-24 10:00:00', 2, 505);
INSERT INTO movie_friend_schema.session (session_id, price, start_time, hall_id, movie_id) VALUES (269, 8.50, '2020-05-24 18:15:00', 2, 509);
INSERT INTO movie_friend_schema.session (session_id, price, start_time, hall_id, movie_id) VALUES (270, 12.00, '2020-05-24 21:30:00', 2, 505);
INSERT INTO movie_friend_schema.session (session_id, price, start_time, hall_id, movie_id) VALUES (271, 12.00, '2020-05-24 14:00:00', 3, 506);
INSERT INTO movie_friend_schema.session (session_id, price, start_time, hall_id, movie_id) VALUES (272, 16.50, '2020-05-24 18:00:00', 3, 506);
INSERT INTO movie_friend_schema.session (session_id, price, start_time, hall_id, movie_id) VALUES (273, 20.00, '2020-05-24 21:45:00', 3, 504);
INSERT INTO movie_friend_schema.session (session_id, price, start_time, hall_id, movie_id) VALUES (274, 7.00, '2020-05-24 11:15:00', 5, 508);
INSERT INTO movie_friend_schema.session (session_id, price, start_time, hall_id, movie_id) VALUES (275, 8.00, '2020-05-24 14:30:00', 5, 509);
INSERT INTO movie_friend_schema.session (session_id, price, start_time, hall_id, movie_id) VALUES (276, 8.50, '2020-05-24 18:45:00', 5, 505);
INSERT INTO movie_friend_schema.session (session_id, price, start_time, hall_id, movie_id) VALUES (277, 12.00, '2020-05-24 22:00:00', 5, 508);
INSERT INTO movie_friend_schema.session (session_id, price, start_time, hall_id, movie_id) VALUES (278, 8.00, '2020-05-25 14:00:00', 2, 514);
INSERT INTO movie_friend_schema.session (session_id, price, start_time, hall_id, movie_id) VALUES (280, 6.50, '2020-05-25 10:00:00', 2, 515);
INSERT INTO movie_friend_schema.session (session_id, price, start_time, hall_id, movie_id) VALUES (282, 8.50, '2020-05-25 18:15:00', 2, 515);
INSERT INTO movie_friend_schema.session (session_id, price, start_time, hall_id, movie_id) VALUES (283, 12.00, '2020-05-25 21:30:00', 2, 515);
INSERT INTO movie_friend_schema.session (session_id, price, start_time, hall_id, movie_id) VALUES (284, 12.00, '2020-05-25 14:00:00', 3, 511);
INSERT INTO movie_friend_schema.session (session_id, price, start_time, hall_id, movie_id) VALUES (285, 16.50, '2020-05-25 18:00:00', 3, 510);
INSERT INTO movie_friend_schema.session (session_id, price, start_time, hall_id, movie_id) VALUES (286, 20.00, '2020-05-25 21:45:00', 3, 513);
INSERT INTO movie_friend_schema.session (session_id, price, start_time, hall_id, movie_id) VALUES (287, 7.00, '2020-05-25 11:15:00', 5, 513);
INSERT INTO movie_friend_schema.session (session_id, price, start_time, hall_id, movie_id) VALUES (288, 8.00, '2020-05-25 14:30:00', 5, 515);
INSERT INTO movie_friend_schema.session (session_id, price, start_time, hall_id, movie_id) VALUES (289, 8.50, '2020-05-25 18:45:00', 5, 512);
INSERT INTO movie_friend_schema.session (session_id, price, start_time, hall_id, movie_id) VALUES (290, 12.00, '2020-05-25 22:00:00', 5, 511);
INSERT INTO movie_friend_schema.session (session_id, price, start_time, hall_id, movie_id) VALUES (291, 8.00, '2020-05-26 14:00:00', 2, 518);
INSERT INTO movie_friend_schema.session (session_id, price, start_time, hall_id, movie_id) VALUES (293, 6.50, '2020-05-26 10:00:00', 2, 524);
INSERT INTO movie_friend_schema.session (session_id, price, start_time, hall_id, movie_id) VALUES (295, 8.50, '2020-05-26 18:15:00', 2, 517);
INSERT INTO movie_friend_schema.session (session_id, price, start_time, hall_id, movie_id) VALUES (296, 12.00, '2020-05-26 21:30:00', 2, 520);
INSERT INTO movie_friend_schema.session (session_id, price, start_time, hall_id, movie_id) VALUES (297, 12.00, '2020-05-26 14:00:00', 3, 524);
INSERT INTO movie_friend_schema.session (session_id, price, start_time, hall_id, movie_id) VALUES (298, 16.50, '2020-05-26 18:00:00', 3, 519);
INSERT INTO movie_friend_schema.session (session_id, price, start_time, hall_id, movie_id) VALUES (299, 20.00, '2020-05-26 21:45:00', 3, 523);
INSERT INTO movie_friend_schema.session (session_id, price, start_time, hall_id, movie_id) VALUES (300, 7.00, '2020-05-26 11:15:00', 5, 518);
INSERT INTO movie_friend_schema.session (session_id, price, start_time, hall_id, movie_id) VALUES (301, 8.00, '2020-05-26 14:30:00', 5, 521);
INSERT INTO movie_friend_schema.session (session_id, price, start_time, hall_id, movie_id) VALUES (302, 8.50, '2020-05-26 18:45:00', 5, 517);
INSERT INTO movie_friend_schema.session (session_id, price, start_time, hall_id, movie_id) VALUES (303, 12.00, '2020-05-26 22:00:00', 5, 520);
commit;
INSERT INTO movie_friend_schema.ticket (ticket_id, user_by_id, user_for_id, session_id) VALUES (19, 16, 16, 80);
INSERT INTO movie_friend_schema.ticket (ticket_id, user_by_id, user_for_id, session_id) VALUES (20, 17, 17, 75);
INSERT INTO movie_friend_schema.ticket (ticket_id, user_by_id, user_for_id, session_id) VALUES (22, 16, 17, 80);
INSERT INTO movie_friend_schema.ticket (ticket_id, user_by_id, user_for_id, session_id) VALUES (23, 19, 19, 78);
INSERT INTO movie_friend_schema.ticket (ticket_id, user_by_id, user_for_id, session_id) VALUES (24, 19, 17, 78);
INSERT INTO movie_friend_schema.ticket (ticket_id, user_by_id, user_for_id, session_id) VALUES (26, 19, 19, 33);
INSERT INTO movie_friend_schema.ticket (ticket_id, user_by_id, user_for_id, session_id) VALUES (27, 19, 17, 33);
INSERT INTO movie_friend_schema.ticket (ticket_id, user_by_id, user_for_id, session_id) VALUES (28, 19, 16, 33);
INSERT INTO movie_friend_schema.ticket (ticket_id, user_by_id, user_for_id, session_id) VALUES (29, 18, 18, 31);
INSERT INTO movie_friend_schema.ticket (ticket_id, user_by_id, user_for_id, session_id) VALUES (31, 18, 16, 31);
commit;
